-112,-94,1031,Left
-116,-102,1027,Left
-112,-102,1008,Left
-96,-102,1043,Left
-104,-98,1039,Left
-96,-105,1023,Left
-112,-117,1047,Left
-104,-141,1020,Left
-77,-121,1023,Left
-50,-176,1059,Left
35,-137,1055,Left
-34,-109,1125,Left
43,-117,1098,Left
-69,-234,1113,Left
-57,-453,1113,Left
-116,-484,1137,Left
-81,-519,1109,Left
-18,-840,1180,Left
31,-887,1324,Left
-34,-855,1418,Left
-171,-859,1414,Left
-323,-832,1398,Left
-475,-754,1441,Left
-577,-723,1477,Left
-675,-789,1504,Left
-745,-863,1527,Left
-761,-844,1566,Left
-718,-816,1645,Left
-663,-766,1746,Left
-655,-703,1856,Left
-620,-562,1945,Left
-589,-418,2066,Left
-487,-289,2102,Left
-300,-187,2102,Left
-143,8,2102,Left
59,128,2102,Left
278,284,2102,Left
403,452,2102,Left
489,499,2102,Left
535,601,2102,Left
582,749,2090,Left
582,905,1887,Left
594,948,1695,Left
563,987,1523,Left
547,1007,1348,Left
520,1081,1172,Left
489,1167,1051,Left
449,1269,906,Left
438,1335,785,Left
438,1355,648,Left
442,1335,500,Left
414,1292,348,Left
406,1249,188,Left
410,1155,36,Left
391,1046,-108,Left
391,929,-237,Left
375,796,-354,Left
364,671,-456,Left
324,562,-530,Left
274,480,-573,Left
235,401,-593,Left
207,327,-616,Left
164,284,-624,Left
102,233,-620,Left
78,179,-601,Left
67,108,-573,Left
55,23,-550,Left
43,-19,-507,Left
47,-59,-452,Left
24,-121,-413,Left
8,-207,-374,Left
-22,-305,-339,Left
-81,-465,-272,Left
-124,-625,-210,Left
-147,-762,-116,Left
-155,-867,9,Left
-112,-918,137,Left
-30,-973,305,Left
24,-1039,512,Left
90,-1086,781,Left
153,-1039,1047,Left
176,-996,1305,Left
219,-937,1570,Left
266,-863,1820,Left
309,-711,2102,Left
328,-523,2102,Left
399,-410,2102,Left
442,-258,2102,Left
477,-62,2102,Left
469,187,2102,Left
453,358,2102,Left
395,523,2102,Left
297,632,2102,Left
196,773,2102,Left
94,933,2102,Left
16,1050,2102,Left
-53,1148,2102,Left
-108,1233,2070,Left
-159,1308,1848,Left
-202,1343,1637,Left
-237,1335,1410,Left
-245,1335,1184,Left
-261,1296,977,Left
-284,1241,738,Left
-315,1202,481,Left
-319,1112,254,Left
-323,1011,56,Left
-319,905,-128,Left
-307,808,-276,Left
-300,722,-362,Left
-272,640,-479,Left
-245,573,-550,Left
-214,468,-608,Left
-171,378,-636,Left
-128,312,-694,Left
-93,226,-686,Left
-46,151,-686,Left
-11,81,-679,Left
31,16,-675,Left
74,-59,-683,Left
94,-152,-675,Left
141,-234,-651,Left
215,-359,-651,Left
262,-480,-608,Left
360,-586,-565,Left
477,-711,-499,Left
543,-855,-433,Left
578,-1000,-351,Left
649,-1117,-229,Left
754,-1230,-81,Left
938,-1301,79,Left
1078,-1293,316,Left
1239,-1285,574,Left
1270,-1391,777,Left
1305,-1473,973,Left
1317,-1441,1121,Left
1176,-1332,1324,Left
1035,-1039,1547,Left
840,-769,1766,Left
762,-477,1992,Left
668,-312,2102,Left
461,-152,2102,Left
383,0,2102,Left
207,101,2102,Left
137,175,2102,Left
78,261,2102,Left
24,308,2102,Left
24,394,2102,Left
24,452,2102,Left
43,440,2102,Left
51,417,2102,Left
47,460,2066,Left
74,452,1961,Left
-14,378,1852,Left
-128,292,1715,Left
-182,276,1617,Left
-186,284,1531,Left
-139,339,1469,Left
-85,339,1457,Left
-81,292,1430,Left
-50,269,1426,Left
-34,261,1418,Left
-53,261,1422,Left
-30,230,1398,Left
-14,206,1367,Left
-18,148,1340,Left
0,81,1277,Left
43,46,1227,Left
74,62,1293,Left
110,81,1324,Left
129,-35,1313,Left
125,-113,1250,Left
168,-191,1258,Left
129,-172,1207,Left
164,-137,1168,Left
149,-141,1098,Left
149,-137,1086,Left
129,-156,1074,Left
117,-141,1039,Left
149,-137,1016,Left
156,-156,1008,Left
153,-176,1004,Left
153,-180,984,Left
149,-180,981,Left
149,-176,984,Left
160,-184,1000,Left
156,-191,988,Left
160,-180,981,Left
153,-156,992,Left
160,-160,981,Left
164,-160,977,Left
153,-148,984,Left
141,-148,996,Left
145,-156,973,Left
149,-141,988,Left
153,-160,1004,Left
164,-152,1016,Left
168,-148,1020,Left
180,-144,1027,Left
176,-152,1047,Left
176,-148,1035,Left
176,-156,1039,Left
176,-141,1027,Left
164,-144,1016,Left
176,-133,1008,Left
168,-133,1008,Left
176,-133,996,Left
168,-133,1008,Left
180,-137,1023,Left
184,-137,1023,Left
203,-148,1016,Left
188,-148,1008,Left
188,-148,1012,Left
176,-156,1000,Left
192,-156,1020,Left
192,-144,1000,Left
188,-144,1004,Left
192,-141,1004,Left
172,-133,1008,Left
184,-156,1004,Left
180,-148,1008,Left
184,-137,1020,Left
188,-144,1016,Left
176,-152,1031,Left
176,-144,1023,Left
153,-144,1023,Left
160,-144,1016,Left
164,-137,1004,Left
156,-141,1012,Left
160,-160,1004,Left
172,-156,1016,Left
180,-156,1023,Left
172,-156,1027,Left
168,-148,1023,Left
176,-129,1012,Left
184,-160,1020,Left
172,-164,1008,Left
180,-160,1000,Left
172,-152,977,Left
196,-176,996,Left
184,-172,992,Left
176,-168,988,Left
168,-156,996,Left
172,-160,992,Left
160,-160,1008,Left
176,-160,992,Left
168,-172,1012,Left
168,-168,1020,Left
172,-172,1016,Left
168,-156,1008,Left
160,-156,1000,Left
160,-141,1008,Left
160,-144,1016,Left
160,-137,1023,Left
160,-156,1004,Left
78,-109,1023,Left
82,-105,1008,Left
78,-102,1020,Left
82,-94,1035,Left
90,-82,1023,Left
94,-78,1004,Left
94,-70,1020,Left
98,-78,996,Left
98,-78,1004,Left
90,-70,1012,Left
102,-78,1020,Left
90,-55,1031,Left
94,-35,1020,Left
102,-43,1031,Left
90,-43,1008,Left
102,-39,1023,Left
86,-35,1027,Left
82,-31,1023,Left
94,-23,1031,Left
86,-16,1027,Left
82,-12,1023,Left
82,-16,1043,Left
86,-19,1020,Left
78,-12,1039,Left
82,-19,1023,Left
86,-31,1035,Left
94,-23,1031,Left
74,-35,1035,Left
71,-31,1023,Left
71,-35,1027,Left
71,-27,1012,Left
59,-27,1012,Left
63,-27,996,Left
51,-27,1008,Left
59,-47,1000,Left
67,-43,1008,Left
63,-51,1008,Left
59,-39,1023,Left
59,-39,1035,Left
63,-39,1023,Left
67,-39,1043,Left
63,-27,1043,Left
63,-31,1055,Left
55,-35,1035,Left
59,-23,1055,Left
78,-35,1047,Left
55,-31,1043,Left
71,-19,1039,Left
71,-16,1039,Left
74,-16,1039,Left
59,-8,1035,Left
47,4,1039,Left
55,-8,1023,Left
51,-16,1031,Left
47,-23,1008,Left
51,-4,1012,Left
59,-12,1008,Left
59,-4,1004,Left
55,-16,992,Left
43,-4,1008,Left
43,-23,1000,Left
35,-27,1004,Left
47,-8,996,Left
63,-19,996,Left
74,-8,1016,Left
78,-4,1020,Left
82,-4,1031,Left
94,-16,1027,Left
74,-12,1027,Left
74,0,1020,Left
86,-16,1020,Left
98,-4,1012,Left
90,-4,1016,Left
110,0,1027,Left
114,-16,1023,Left
117,-8,1031,Left
110,0,1039,Left
117,4,1039,Left
121,8,1027,Left
121,0,1023,Left
110,8,1039,Left
121,0,1039,Left
129,4,1051,Left
141,8,1066,Left
133,23,1051,Left
156,26,1059,Left
149,23,1039,Left
141,26,1047,Left
149,34,1039,Left
145,38,1039,Left
133,26,1027,Left
114,26,1035,Left
121,34,1027,Left
121,30,1008,Left
121,26,1012,Left
114,20,1023,Left
98,8,1020,Left
98,0,1031,Left
86,-16,1031,Left
98,-23,1031,Left
102,-16,1047,Left
106,-16,1063,Left
114,0,1066,Left
121,4,1078,Left
110,16,1094,Left
219,-457,1238,Left
235,-453,1281,Left
235,-465,1301,Left
227,-441,1332,Left
227,-441,1336,Left
223,-449,1363,Left
219,-426,1418,Left
227,-375,1473,Left
242,-328,1504,Left
254,-258,1566,Left
258,-227,1602,Left
250,-219,1594,Left
285,-223,1617,Left
309,-234,1652,Left
336,-219,1648,Left
364,-195,1660,Left
379,-152,1668,Left
403,-102,1668,Left
422,-59,1645,Left
422,-27,1633,Left
434,16,1602,Left
434,58,1578,Left
426,93,1543,Left
403,151,1535,Left
375,187,1512,Left
352,206,1473,Left
340,218,1438,Left
317,245,1434,Left
305,288,1418,Left
278,327,1379,Left
274,382,1371,Left
278,452,1359,Left
309,464,1348,Left
348,480,1324,Left
383,499,1305,Left
395,526,1277,Left
395,554,1223,Left
391,573,1184,Left
383,581,1129,Left
348,554,1086,Left
328,523,1039,Left
324,530,969,Left
281,569,918,Left
239,620,875,Left
196,675,824,Left
141,718,781,Left
125,730,762,Left
117,753,688,Left
98,745,633,Left
51,745,578,Left
20,706,527,Left
-11,710,449,Left
-14,671,375,Left
-73,655,316,Left
-77,581,231,Left
-112,546,164,Left
-155,480,75,Left
-186,405,-11,Left
-237,382,-65,Left
-280,343,-97,Left
-323,335,-140,Left
-354,304,-159,Left
-382,280,-159,Left
-386,226,-171,Left
-378,183,-167,Left
-374,163,-159,Left
-374,167,-147,Left
-358,151,-136,Left
-382,112,-140,Left
-401,65,-140,Left
-374,20,-124,Left
-374,-55,-108,Left
-335,-105,-85,Left
-327,-160,-54,Left
-339,-203,-26,Left
-307,-242,13,Left
-323,-305,60,Left
-303,-391,121,Left
-296,-457,168,Left
-276,-500,231,Left
-241,-527,320,Left
-257,-594,391,Left
-202,-676,469,Left
-175,-703,535,Left
-81,-742,586,Left
-61,-797,652,Left
-34,-930,715,Left
12,-1031,758,Left
-73,-1137,840,Left
-18,-1160,914,Left
20,-1098,1039,Left
16,-1086,1117,Left
-4,-1051,1231,Left
-18,-996,1379,Left
4,-969,1508,Left
0,-887,1695,Left
31,-793,1859,Left
71,-727,2023,Left
102,-660,2102,Left
156,-574,2102,Left
184,-547,2102,Left
184,-496,2102,Left
192,-430,2102,Left
184,-336,2102,Left
184,-254,2102,Left
160,-180,2102,Left
141,-105,2102,Left
90,-39,2102,Left
16,50,2055,Left
-30,155,1945,Left
-73,237,1848,Left
-104,300,1734,Left
-139,339,1633,Left
-178,374,1555,Left
-225,413,1457,Left
-245,437,1363,Left
-257,460,1258,Left
-280,487,1184,Left
-296,507,1094,Left
-288,507,1035,Left
-319,507,938,Left
-307,491,879,Left
-346,499,816,Left
-386,495,719,Left
-389,491,656,Left
-397,491,578,Left
-397,472,516,Left
-405,468,461,Left
-409,452,426,Left
-401,405,379,Left
-389,398,305,Left
-382,347,273,Left
-386,276,231,Left
-378,198,195,Left
-389,132,137,Left
-413,151,109,Left
-409,171,87,Left
-409,183,79,Left
-401,179,56,Left
-386,89,32,Left
-386,26,-19,Left
-386,-31,-42,Left
-389,-125,-54,Left
-421,-152,-89,Left
-405,-125,-104,Left
-370,-102,-112,Left
-335,-125,-93,Left
-311,-187,-81,Left
-268,-234,-85,Left
-257,-312,-97,Left
-245,-418,-116,Left
192,-187,1016,Left
196,-184,1004,Left
196,-184,992,Left
207,-172,977,Left
203,-156,973,Left
203,-160,981,Left
199,-160,981,Left
207,-156,969,Left
219,-168,969,Left
211,-184,969,Left
215,-180,961,Left
203,-180,965,Left
207,-191,965,Left
199,-191,973,Left
215,-184,973,Left
207,-180,973,Left
192,-180,988,Left
192,-164,981,Left
176,-148,977,Left
164,-144,1000,Left
156,-137,981,Left
141,-133,992,Left
149,-129,1004,Left
160,-137,1004,Left
141,-144,1000,Left
137,-144,1008,Left
141,-148,1023,Left
129,-148,1000,Left
133,-148,1004,Left
117,-129,1008,Left
106,-129,1000,Left
106,-125,1004,Left
94,-125,1012,Left
114,-141,1000,Left
121,-148,1012,Left
129,-160,1000,Left
117,-148,1012,Left
121,-137,1016,Left
121,-121,1008,Left
106,-129,1016,Left
106,-125,1020,Left
110,-129,1000,Left
114,-133,1012,Left
117,-144,1023,Left
106,-152,1023,Left
114,-144,1004,Left
106,-141,1027,Left
129,-148,1000,Left
133,-141,1031,Left
129,-125,1012,Left
121,-121,1027,Left
125,-137,1020,Left
133,-121,1016,Left
125,-133,1020,Left
133,-137,1020,Left
137,-129,1008,Left
145,-133,1020,Left
137,-133,1023,Left
153,-141,1027,Left
141,-141,1027,Left
125,-121,1023,Left
129,-125,1016,Left
129,-125,1020,Left
149,-133,996,Left
153,-117,1023,Left
156,-129,1023,Left
164,-113,1008,Left
164,-125,1039,Left
168,-121,1031,Left
153,-109,1020,Left
149,-113,1031,Left
149,-105,1016,Left
160,-105,1000,Left
149,-98,1012,Left
153,-94,1016,Left
160,-102,1027,Left
160,-102,1023,Left
156,-82,1023,Left
149,-94,1016,Left
141,-86,1008,Left
164,-86,1023,Left
168,-94,1027,Left
164,-113,1023,Left
164,-133,1023,Left
164,-141,1020,Left
160,-125,1027,Left
156,-125,1012,Left
145,-125,1016,Left
149,-105,1012,Left
156,-125,1008,Left
145,-133,1023,Left
153,-133,1035,Left
153,-121,1047,Left
156,-133,1039,Left
176,-137,1059,Left
172,-141,1047,Left
176,-129,1051,Left
172,-133,1055,Left
188,-141,1051,Left
188,-133,1055,Left
367,-359,1598,Left
371,-355,1629,Left
391,-336,1641,Left
418,-277,1664,Left
422,-227,1676,Left
473,-184,1715,Left
500,-152,1711,Left
520,-125,1699,Left
567,-129,1680,Left
582,-125,1656,Left
606,-148,1621,Left
594,-160,1586,Left
582,-129,1531,Left
578,-98,1469,Left
551,-4,1414,Left
528,101,1402,Left
512,202,1391,Left
500,296,1344,Left
453,405,1316,Left
426,448,1254,Left
430,523,1195,Left
395,605,1141,Left
391,632,1059,Left
352,718,1008,Left
301,792,945,Left
239,866,891,Left
184,929,840,Left
180,925,793,Left
172,894,758,Left
137,898,719,Left
117,948,668,Left
78,1003,652,Left
51,1042,637,Left
78,1065,598,Left
102,1069,563,Left
86,1058,535,Left
12,1058,481,Left
-26,1030,434,Left
-53,999,363,Left
-108,921,324,Left
-93,886,266,Left
-120,847,242,Left
-151,835,207,Left
-178,819,160,Left
-210,784,137,Left
-198,726,83,Left
-218,667,52,Left
-225,581,17,Left
-249,538,-11,Left
-257,480,-19,Left
-280,433,-38,Left
-307,366,-69,Left
-350,335,-116,Left
-389,276,-116,Left
-409,194,-132,Left
-425,159,-112,Left
-440,132,-97,Left
-452,136,-93,Left
-436,128,-69,Left
-428,124,-42,Left
-421,108,-26,Left
-397,50,9,Left
-389,-8,24,Left
-401,-62,28,Left
-428,-141,40,Left
-425,-230,56,Left
-362,-309,103,Left
-374,-352,141,Left
-335,-394,211,Left
-331,-332,285,Left
-307,-305,371,Left
-346,-312,426,Left
-464,-422,492,Left
-389,-519,563,Left
-339,-539,633,Left
-280,-555,723,Left
-202,-500,781,Left
-257,-445,844,Left
-315,-457,879,Left
-374,-508,898,Left
-354,-574,906,Left
-257,-605,906,Left
-253,-543,957,Left
-257,-469,996,Left
-261,-371,1047,Left
-327,-297,1102,Left
-276,-269,1117,Left
-221,-277,1121,Left
-241,-289,1145,Left
-210,-219,1211,Left
-257,-184,1227,Left
-253,-164,1262,Left
-237,-133,1277,Left
-186,-125,1328,Left
-175,-94,1363,Left
-206,-23,1422,Left
-206,4,1465,Left
-225,46,1527,Left
-194,85,1606,Left
-139,108,1672,Left
-96,151,1742,Left
-42,194,1805,Left
-61,253,1836,Left
-116,269,1863,Left
-96,319,1856,Left
-89,351,1871,Left
-22,315,1844,Left
-139,370,1832,Left
-136,398,1848,Left
-112,460,1840,Left
-96,507,1805,Left
-108,507,1789,Left
-108,491,1750,Left
-128,476,1715,Left
-136,487,1652,Left
-120,476,1617,Left
-116,483,1559,Left
-124,487,1520,Left
-136,483,1469,Left
-178,487,1430,Left
-198,503,1398,Left
-198,503,1363,Left
-202,511,1316,Left
-210,499,1277,Left
-214,487,1223,Left
-229,511,1199,Left
-233,495,1168,Left
-229,515,1129,Left
-237,503,1074,Left
-249,460,1039,Left
-237,440,1012,Left
-249,429,961,Left
-241,429,938,Left
-214,425,895,Left
-241,409,852,Left
-257,370,813,Left
-272,390,777,Left
-268,343,754,Left
-249,312,688,Left
-264,273,645,Left
-284,237,594,Left
-311,222,531,Left
-335,202,473,Left
-327,214,414,Left
-343,198,371,Left
-354,159,316,Left
-386,112,227,Left
-413,93,145,Left
-440,69,71,Left
-464,26,36,Left
-479,16,1,Left
-507,26,-22,Left
-526,42,-15,Left
-526,4,-19,Left
-518,-23,-38,Left
-507,-39,-38,Left
117,-207,977,Left
117,-199,996,Left
117,-172,1000,Left
133,-187,1008,Left
137,-191,1012,Left
137,-180,1023,Left
125,-187,1035,Left
117,-176,1035,Left
125,-168,1027,Left
121,-168,1027,Left
125,-168,1043,Left
114,-168,1027,Left
117,-180,1031,Left
106,-187,1043,Left
110,-195,1027,Left
94,-191,1035,Left
94,-184,1027,Left
90,-176,1016,Left
98,-176,1035,Left
90,-176,1039,Left
94,-187,1035,Left
106,-211,1027,Left
98,-219,1027,Left
98,-227,1020,Left
98,-230,1012,Left
78,-230,1016,Left
82,-238,1008,Left
94,-242,1004,Left
74,-242,1020,Left
67,-242,1000,Left
63,-242,1020,Left
71,-234,1008,Left
67,-242,1016,Left
47,-234,1004,Left
63,-246,1000,Left
74,-250,1008,Left
67,-250,1016,Left
55,-238,1008,Left
71,-238,1012,Left
78,-227,1023,Left
90,-223,1016,Left
98,-223,1027,Left
98,-211,1020,Left
98,-203,1027,Left
106,-215,1027,Left
110,-207,1023,Left
106,-187,1027,Left
121,-195,1023,Left
117,-187,1023,Left
106,-207,996,Left
117,-211,1023,Left
98,-211,996,Left
90,-187,992,Left
86,-172,988,Left
82,-156,996,Left
86,-160,992,Left
102,-164,992,Left
110,-176,1000,Left
102,-187,1008,Left
106,-180,1008,Left
114,-172,1012,Left
114,-160,1004,Left
106,-164,996,Left
110,-172,1020,Left
110,-160,1020,Left
110,-172,1000,Left
106,-160,1008,Left
106,-152,1012,Left
98,-141,1000,Left
98,-141,1016,Left
98,-125,1020,Left
98,-137,1023,Left
98,-148,1035,Left
106,-152,1012,Left
106,-160,1023,Left
106,-168,1027,Left
121,-172,1035,Left
106,-156,1031,Left
98,-137,1047,Left
106,-144,1035,Left
94,-144,1039,Left
94,-137,1020,Left
82,-133,1027,Left
90,-133,1027,Left
74,-129,1023,Left
82,-141,1031,Left
67,-117,1031,Left
71,-121,1020,Left
78,-129,1031,Left
74,-141,1031,Left
67,-121,1039,Left
78,-129,1023,Left
82,-129,1016,Left
67,-129,1027,Left
67,-137,996,Left
71,-144,1016,Left
78,-144,1016,Left
67,-144,1012,Left
71,-148,1020,Left
71,-133,996,Left
74,-144,1016,Left
47,-117,1027,Left
51,-133,1027,Left
31,-129,1012,Left
39,-137,1008,Left
43,-133,1004,Left
47,-148,1016,Left
35,-141,1027,Left
16,-141,1008,Left
20,-156,1020,Left
20,-160,1027,Left
24,-168,1023,Left
28,-180,1023,Left
39,-172,1035,Left
63,-172,1059,Left
67,-168,1070,Left
71,-164,1066,Left
71,-176,1070,Left
82,-199,1070,Left
55,-223,1070,Left
59,-254,1066,Left
67,-297,1086,Left
35,-367,1106,Left
31,-398,1117,Left
-4,-473,1133,Left
-18,-519,1227,Left
-34,-570,1293,Left
-34,-551,1387,Left
24,-555,1543,Left
117,-594,1688,Left
203,-609,1828,Left
313,-617,1981,Left
426,-648,2102,Left
555,-652,2102,Left
739,-613,2102,Left
926,-617,2102,Left
1102,-578,2102,Left
1266,-605,2102,Left
1375,-492,2102,Left
1446,-340,2102,Left
1473,-176,2102,Left
1422,26,2027,Left
1383,226,1852,Left
1285,413,1660,Left
1180,608,1492,Left
1063,753,1313,Left
922,870,1125,Left
809,1003,981,Left
739,1144,844,Left
633,1245,711,Left
555,1273,613,Left
485,1315,512,Left
395,1300,410,Left
293,1233,305,Left
250,1159,219,Left
231,1093,137,Left
223,1015,71,Left
207,937,21,Left
207,878,-38,Left
149,835,-112,Left
106,796,-210,Left
78,757,-292,Left
39,687,-339,Left
-14,632,-366,Left
-53,569,-397,Left
-116,499,-425,Left
-171,437,-468,Left
-210,362,-468,Left
-237,296,-468,Left
-229,253,-460,Left
-218,187,-448,Left
-210,155,-433,Left
-225,148,-405,Left
-218,120,-378,Left
-206,112,-335,Left
-194,50,-269,Left
-178,16,-241,Left
-206,-55,-183,Left
-221,-148,-120,Left
-182,-277,-34,Left
-190,-480,75,Left
-218,-746,176,Left
-218,-910,297,Left
-190,-1000,457,Left
-93,-984,629,Left
28,-949,836,Left
129,-887,1078,Left
231,-824,1301,Left
301,-801,1527,Left
348,-734,1805,Left
371,-617,2020,Left
414,-383,2102,Left
426,-176,2102,Left
434,8,2102,Left
461,148,2102,Left
473,194,2102,Left
438,327,2102,Left
367,405,2102,Left
266,538,2102,Left
172,655,2102,Left
74,776,2102,Left
-26,925,2102,Left
-124,1034,1941,Left
-198,1054,1754,Left
-264,1081,1582,Left
-315,1054,1387,Left
-389,1026,1184,Left
-405,999,1004,Left
-421,960,816,Left
-444,913,637,Left
-475,874,473,Left
-491,819,332,Left
-507,749,203,Left
-507,698,75,Left
-522,636,-19,Left
-530,593,-116,Left
-507,554,-202,Left
-468,491,-288,Left
-409,425,-354,Left
-362,335,-394,Left
-343,249,-433,Left
-288,175,-448,Left
-284,136,-460,Left
-245,108,-460,Left
-202,62,-472,Left
-151,16,-464,Left
-108,-51,-448,Left
-65,-109,-417,Left
-18,-168,-421,Left
31,-207,-390,Left
82,-269,-386,Left
129,-312,-351,Left
188,-352,-331,Left
242,-434,-296,Left
274,-590,-249,Left
317,-691,-222,Left
430,-766,-116,Left
563,-785,-34,Left
668,-824,71,Left
750,-871,184,Left
891,-969,316,Left
1012,-1098,414,Left
1164,-1242,535,Left
1278,-1363,633,Left
1332,-1480,754,Left
1242,-1430,871,Left
1231,-1328,1016,Left
1098,-1219,1152,Left
1121,-996,1258,Left
1121,-871,1359,Left
906,-684,1500,Left
871,-516,1648,Left
746,-344,1871,Left
805,-281,2063,Left
856,-207,2102,Left
750,-59,2102,Left
203,-70,1031,Left
203,-62,1035,Left
203,-70,1027,Left
211,-82,1031,Left
211,-74,1023,Left
211,-62,1043,Left
215,-78,1004,Left
211,-70,1027,Left
215,-78,1020,Left
199,-70,1008,Left
192,-74,1004,Left
196,-55,1008,Left
215,-66,1004,Left
207,-55,1000,Left
196,-66,1008,Left
207,-74,996,Left
192,-66,984,Left
199,-66,988,Left
192,-70,992,Left
188,-74,977,Left
199,-90,988,Left
192,-82,992,Left
192,-70,1000,Left
188,-62,1000,Left
188,-62,1012,Left
199,-51,1020,Left
203,-70,1027,Left
203,-74,1031,Left
180,-86,996,Left
196,-82,1012,Left
192,-82,1000,Left
199,-62,1012,Left
180,-59,1008,Left
192,-82,1016,Left
207,-90,1012,Left
199,-94,1008,Left
196,-94,1008,Left
188,-86,1020,Left
192,-90,1031,Left
196,-82,1027,Left
196,-98,1008,Left
199,-102,1023,Left
207,-109,1031,Left
211,-113,1023,Left
203,-105,1035,Left
184,-113,1047,Left
196,-102,1031,Left
176,-78,1031,Left
192,-94,1023,Left
188,-105,1012,Left
196,-117,1000,Left
196,-137,1004,Left
176,-125,1004,Left
156,-102,1008,Left
160,-102,996,Left
168,-94,1012,Left
160,-94,1004,Left
172,-94,1004,Left
172,-105,1008,Left
176,-98,1008,Left
160,-78,1020,Left
164,-66,1035,Left
149,-55,1020,Left
156,-59,1027,Left
160,-70,1023,Left
164,-78,1020,Left
156,-78,1016,Left
168,-78,1020,Left
160,-66,1012,Left
156,-59,1008,Left
156,-62,1016,Left
153,-78,1016,Left
164,-86,1020,Left
172,-98,1035,Left
160,-105,1020,Left
160,-90,1016,Left
164,-86,1031,Left
149,-78,1047,Left
164,-102,1031,Left
160,-102,1023,Left
168,-113,1016,Left
153,-98,1023,Left
164,-82,1047,Left
145,-78,1035,Left
149,-90,1023,Left
156,-86,1020,Left
164,-105,1012,Left
160,-94,1023,Left
153,-78,1016,Left
141,-55,1031,Left
149,-59,1043,Left
141,-47,1035,Left
137,-47,1031,Left
149,-47,1016,Left
149,-55,1023,Left
141,-62,1000,Left
141,-82,1020,Left
129,-78,1008,Left
137,-86,1020,Left
153,-82,1031,Left
153,-78,1020,Left
51,-230,981,Left
59,-246,1004,Left
59,-258,1051,Left
35,-285,1059,Left
20,-297,1094,Left
20,-383,1121,Left
8,-379,1188,Left
24,-391,1285,Left
43,-367,1371,Left
82,-344,1500,Left
149,-359,1598,Left
239,-328,1723,Left
328,-348,1856,Left
457,-398,2004,Left
512,-461,2102,Left
633,-523,2102,Left
801,-680,2102,Left
965,-684,2102,Left
1117,-656,2102,Left
1223,-582,2102,Left
1281,-430,2102,Left
1340,-215,2102,Left
1399,0,2102,Left
1449,124,2102,Left
1446,202,2059,Left
1418,206,1895,Left
1410,300,1723,Left
1360,452,1582,Left
1215,655,1402,Left
1106,882,1281,Left
1016,1023,1121,Left
946,1175,1020,Left
867,1327,887,Left
762,1464,770,Left
637,1550,641,Left
555,1554,527,Left
453,1562,371,Left
313,1601,199,Left
219,1628,56,Left
164,1655,-89,Left
125,1679,-233,Left
114,1589,-390,Left
117,1495,-534,Left
106,1362,-640,Left
86,1210,-718,Left
94,1034,-804,Left
129,882,-851,Left
180,718,-858,Left
196,569,-870,Left
203,437,-862,Left
219,296,-862,Left
242,163,-839,Left
219,62,-796,Left
239,-62,-753,Left
285,-176,-722,Left
293,-312,-722,Left
278,-488,-702,Left
235,-715,-667,Left
211,-937,-585,Left
196,-1203,-483,Left
106,-1406,-339,Left
110,-1508,-147,Left
180,-1484,133,Left
250,-1355,422,Left
336,-1156,773,Left
391,-953,1141,Left
492,-727,1492,Left
621,-512,1875,Left
699,-289,2102,Left
781,-203,2102,Left
840,-66,2102,Left
934,-4,2102,Left
930,34,2102,Left
910,151,2102,Left
797,288,2102,Left
637,507,2102,Left
473,722,2102,Left
289,862,2102,Left
125,1030,2102,Left
16,1206,2102,Left
-34,1292,2098,Left
-116,1390,1926,Left
-178,1440,1746,Left
-272,1460,1539,Left
-339,1437,1305,Left
-397,1382,1113,Left
-393,1312,883,Left
-417,1296,691,Left
-409,1280,445,Left
-393,1230,254,Left
-417,1179,103,Left
-386,1081,-69,Left
-343,960,-214,Left
-303,808,-335,Left
-261,687,-429,Left
-210,558,-522,Left
-155,437,-616,Left
-89,288,-667,Left
-38,218,-702,Left
12,132,-714,Left
67,69,-726,Left
102,8,-741,Left
160,-47,-737,Left
219,-129,-745,Left
289,-285,-749,Left
387,-449,-749,Left
469,-602,-761,Left
551,-715,-761,Left
645,-812,-726,Left
735,-855,-663,Left
821,-953,-640,Left
887,-1137,-597,Left
973,-1215,-538,Left
1117,-1234,-464,Left
1246,-1238,-386,Left
1387,-1254,-257,Left
1461,-1305,-140,Left
1500,-1363,-11,Left
1508,-1500,125,Left
1477,-1570,273,Left
1598,-1527,516,Left
1668,-1496,781,Left
1664,-1371,1074,Left
1614,-1141,1383,Left
1567,-844,1754,Left
1465,-449,2102,Left
1356,-238,2102,Left
1020,190,2102,Left
895,550,2102,Left
746,730,2102,Left
653,796,2102,Left
606,714,2102,Left
457,608,2102,Left
262,554,2102,Left
78,491,2102,Left
-46,468,2102,Left
-112,468,2102,Left
-89,437,2102,Left
-42,456,2102,Left
63,468,2031,Left
133,511,1953,Left
188,523,1887,Left
199,480,1793,Left
168,405,1680,Left
149,323,1555,Left
102,230,1457,Left
102,144,1348,Left
114,81,1242,Left
129,38,1152,Left
149,-8,1074,Left
133,-51,1008,Left
125,-51,984,Left
149,-59,969,Left
176,-70,938,Left
172,-55,941,Left
121,-8,1031,Left
117,-4,1047,Left
114,-4,1020,Left
125,-27,1051,Left
137,-27,1051,Left
133,-31,1051,Left
133,-43,1039,Left
129,-39,1027,Left
149,-62,1039,Left
137,-47,1039,Left
141,-51,1031,Left
133,-51,1031,Left
129,-51,1035,Left
125,-43,1031,Left
129,-43,1023,Left
141,-35,1031,Left
133,-23,1035,Left
137,-43,1035,Left
121,-39,1023,Left
121,-51,1020,Left
121,-59,1012,Left
114,-51,1004,Left
102,-47,992,Left
106,-47,1000,Left
106,-16,1027,Left
102,-16,1016,Left
102,-23,1012,Left
102,-27,1012,Left
121,-31,1031,Left
114,-19,1031,Left
117,-31,1023,Left
121,-39,1023,Left
133,-23,1027,Left
137,-27,1039,Left
145,-31,1035,Left
149,-19,1035,Left
153,-31,1047,Left
145,-31,1031,Left
141,-23,1023,Left
129,-27,1020,Left
114,-27,1012,Left
94,0,1008,Left
86,0,1004,Left
82,-16,996,Left
82,-35,992,Left
86,-55,984,Left
94,-51,996,Left
106,-51,1008,Left
102,-39,1020,Left
102,-55,1027,Left
106,-62,1031,Left
110,-62,1047,Left
110,-59,1031,Left
106,-78,1035,Left
114,-55,1027,Left
110,-47,1027,Left
110,-66,1031,Left
114,-62,1035,Left
106,-59,1016,Left
94,-66,1012,Left
82,-66,1004,Left
78,-55,1008,Left
82,-43,1016,Left
82,-35,996,Left
90,-16,1027,Left
94,-12,1031,Left
102,-16,1035,Left
102,-19,1031,Left
106,-12,1027,Left
110,-16,1020,Left
98,-16,1031,Left
86,-23,1004,Left
94,-8,1035,Left
98,-8,1023,Left
102,4,1039,Left
102,4,1039,Left
102,20,1043,Left
98,16,1027,Left
102,16,1043,Left
106,-8,1020,Left
94,-4,1012,Left
94,8,1027,Left
82,0,1023,Left
78,23,1020,Left
90,23,1031,Left
82,16,1031,Left
98,-4,1031,Left
102,-16,1016,Left
102,0,1020,Left
98,-12,1023,Left
90,-8,1035,Left
102,4,1035,Left
94,12,1055,Left
102,23,1043,Left
102,4,1039,Left
110,-8,1039,Left
102,-16,1059,Left
106,-16,1039,Left
106,-19,1039,Left
90,-8,1043,Left
78,-4,1043,Left
78,0,1051,Left
86,-4,1039,Left
489,-797,1656,Left
586,-754,1731,Left
676,-781,1840,Left
742,-762,1891,Left
789,-738,1961,Left
785,-699,2012,Left
813,-738,2047,Left
852,-691,2086,Left
875,-590,2102,Left
949,-477,2102,Left
992,-367,2102,Left
1059,-242,2102,Left
1137,-172,2102,Left
1172,-125,2063,Left
1246,-82,2016,Left
1309,-16,1926,Left
1301,112,1848,Left
1285,233,1789,Left
1246,355,1750,Left
1223,519,1652,Left
1219,636,1602,Left
1211,730,1496,Left
1184,812,1434,Left
1168,776,1391,Left
1153,694,1336,Left
1106,808,1277,Left
1024,874,1223,Left
926,956,1121,Left
832,1069,992,Left
731,1167,887,Left
637,1206,715,Left
508,1214,551,Left
403,1230,363,Left
305,1230,148,Left
160,1202,-34,Left
35,1187,-186,Left
-22,1163,-331,Left
-69,1120,-436,Left
-124,1085,-546,Left
-186,1038,-620,Left
-206,983,-647,Left
-175,882,-683,Left
-132,765,-675,Left
-81,601,-683,Left
-61,472,-690,Left
-26,327,-655,Left
8,233,-640,Left
28,132,-604,Left
47,62,-538,Left
59,12,-522,Left
47,-70,-491,Left
8,-191,-468,Left
-4,-379,-460,Left
0,-602,-452,Left
24,-848,-440,Left
28,-1078,-351,Left
-11,-1234,-233,Left
-14,-1383,-93,Left
59,-1492,133,Left
219,-1461,398,Left
352,-1394,664,Left
469,-1285,965,Left
547,-1187,1246,Left
602,-1109,1535,Left
621,-973,1879,Left
629,-891,2102,Left
660,-785,2102,Left
731,-660,2102,Left
836,-598,2102,Left
879,-473,2102,Left
899,-293,2102,Left
871,-164,2102,Left
813,46,2102,Left
739,214,2102,Left
614,343,2102,Left
496,483,2102,Left
391,624,2102,Left
274,776,2102,Left
153,921,2078,Left
59,1030,1914,Left
-11,1116,1734,Left
-81,1144,1484,Left
-147,1108,1320,Left
-175,1073,1125,Left
-218,1058,934,Left
-261,1034,746,Left
-307,1050,563,Left
-343,1069,391,Left
-346,1038,223,Left
-370,952,75,Left
-409,917,-54,Left
-413,827,-175,Left
-401,749,-284,Left
-389,714,-378,Left
-358,659,-405,Left
-331,585,-452,Left
-284,499,-479,Left
-257,398,-515,Left
-225,308,-526,Left
-202,222,-534,Left
-182,148,-522,Left
-178,108,-538,Left
-182,65,-515,Left
-186,46,-503,Left
-175,20,-464,Left
-116,-39,-448,Left
-89,-90,-409,Left
-34,-133,-386,Left
0,-211,-339,Left
-30,-238,-304,Left
-8,-281,-265,Left
35,-312,-222,Left
94,-309,-167,Left
192,-301,-136,Left
250,-344,-77,Left
317,-406,-15,Left
395,-500,1,Left
477,-633,48,Left
555,-789,106,Left
684,-926,164,Left
871,-1059,234,Left
1090,-1172,340,Left
1313,-1363,469,Left
1449,-1574,578,Left
1625,-1734,648,Left
1719,-1945,723,Left
1707,-1977,797,Left
1656,-1914,875,Left
1461,-1676,1070,Left
1403,-1488,1297,Left
1199,-1277,1492,Left
1188,-1105,1566,Left
1035,-855,1707,Left
985,-648,1926,Left
836,-453,2102,Left
789,-262,2102,Left
797,-133,2102,Left
754,-19,2102,Left
676,65,2102,Left
571,202,2102,Left
360,265,2102,Left
196,327,2102,Left
55,413,2102,Left
-93,526,2102,Left
-218,585,2102,Left
-292,628,2102,Left
-288,648,2008,Left
-257,698,1926,Left
-194,722,1856,Left
-128,698,1789,Left
-61,663,1703,Left
-4,558,1586,Left
16,472,1469,Left
153,-62,1051,Left
156,-82,1059,Left
153,-94,1070,Left
141,-90,1055,Left
145,-94,1063,Left
153,-94,1074,Left
149,-90,1055,Left
145,-94,1063,Left
156,-90,1051,Left
149,-82,1055,Left
145,-70,1074,Left
129,-70,1066,Left
137,-90,1051,Left
145,-62,1059,Left
145,-59,1043,Left
141,-62,1051,Left
153,-39,1051,Left
153,-59,1051,Left
149,-51,1047,Left
141,-47,1039,Left
160,-70,1059,Left
211,-74,1047,Left
184,-70,1012,Left
156,-43,1016,Left
0,-512,953,Left
82,-769,992,Left
145,-574,1074,Left
114,-527,1016,Left
31,-453,1000,Left
43,-375,1023,Left
74,-406,1027,Left
71,-387,1043,Left
74,-285,1047,Left
16,-203,1000,Left
8,-125,984,Left
8,-62,1016,Left
-11,-78,1023,Left
-8,-62,1023,Left
-4,-66,1051,Left
12,-39,1051,Left
4,4,1047,Left
28,23,1074,Left
55,12,1109,Left
86,-23,1109,Left
106,-86,1106,Left
90,-113,1082,Left
82,-102,1070,Left
102,-137,1047,Left
114,-152,1039,Left
125,-113,1039,Left
133,-105,1043,Left
125,-113,1023,Left
117,-94,1020,Left
121,-109,1027,Left
153,-86,1035,Left
203,-78,1078,Left
219,-137,1074,Left
188,-168,1066,Left
180,-215,1055,Left
145,-230,1035,Left
121,-211,1047,Left
102,-273,1020,Left
59,-219,1023,Left
86,-184,1035,Left
86,-234,1031,Left
78,-191,1012,Left
90,-203,1031,Left
106,-191,1031,Left
141,-219,1039,Left
137,-227,1043,Left
172,-215,1047,Left
188,-227,1043,Left
199,-223,1059,Left
231,-227,1066,Left
239,-215,1082,Left
223,-191,1063,Left
219,-176,1086,Left
207,-160,1047,Left
219,-117,1055,Left
242,-117,1086,Left
231,-117,1098,Left
246,-129,1102,Left
258,-117,1094,Left
262,-62,1070,Left
285,-31,1086,Left
258,-8,1106,Left
250,30,1098,Left
262,46,1102,Left
258,26,1113,Left
274,26,1106,Left
274,20,1086,Left
285,26,1098,Left
309,12,1098,Left
301,26,1082,Left
332,34,1078,Left
324,34,1070,Left
317,65,1027,Left
317,73,1031,Left
297,30,1020,Left
301,26,1012,Left
289,23,984,Left
270,23,992,Left
305,34,996,Left
289,62,965,Left
278,81,965,Left
289,65,969,Left
270,93,945,Left
270,89,953,Left
270,62,961,Left
317,85,977,Left
309,54,984,Left
305,38,988,Left
305,23,988,Left
305,20,953,Left
297,0,957,Left
301,4,949,Left
301,-35,981,Left
289,-43,953,Left
324,-27,981,Left
328,-23,996,Left
332,-16,1012,Left
328,-27,984,Left
305,-23,992,Left
313,-23,1031,Left
297,-12,996,Left
293,-27,1004,Left
297,-47,977,Left
301,-55,981,Left
297,-94,961,Left
301,-74,969,Left
305,-86,977,Left
305,-90,996,Left
324,-70,996,Left
321,-94,1008,Left
324,-94,1004,Left
328,-109,1004,Left
364,-141,1000,Left
403,-129,996,Left
410,-160,1000,Left
403,-144,1043,Left
403,-133,1023,Left
383,-129,1023,Left
364,-125,1012,Left
352,-141,1020,Left
328,-133,1027,Left
324,-125,1000,Left
301,-129,1008,Left
285,-105,981,Left
293,-98,1000,Left
293,-78,984,Left
289,-74,996,Left
281,-86,1000,Left
305,-82,988,Left
297,-70,973,Left
281,-66,977,Left
262,-8,961,Left
274,-102,961,Left
289,-86,965,Left
328,-82,941,Left
321,-94,949,Left
309,-94,949,Left
301,-86,949,Left
317,-78,941,Left
344,-82,934,Left
336,-82,938,Left
324,-86,965,Left
317,-86,949,Left
313,-90,941,Left
313,-70,949,Left
301,-62,949,Left
321,-51,949,Left
297,-39,941,Left
289,-62,930,Left
278,-82,938,Left
293,-74,938,Left
285,-66,930,Left
285,-51,957,Left
274,-35,965,Left
289,-16,953,Left
285,0,957,Left
289,-19,957,Left
285,-16,941,Left
274,-35,949,Left
281,-39,961,Left
278,-19,953,Left
289,12,965,Left
301,-8,981,Left
293,20,981,Left
293,16,981,Left
281,0,973,Left
278,-16,984,Left
274,4,984,Left
285,0,1000,Left
301,4,992,Left
293,-16,992,Left
285,-27,1004,Left
270,-39,984,Left
262,-27,984,Left
274,-16,1008,Left
293,0,1004,Left
293,16,1008,Left
301,-8,1012,Left
293,-23,1020,Left
313,-66,1004,Left
301,-86,1008,Left
317,-86,1020,Left
340,-94,1020,Left
344,-74,1012,Left
336,-90,1020,Left
336,-98,1012,Left
340,-105,996,Left
344,-78,1000,Left
340,-78,1008,Left
336,-62,988,Left
321,-59,973,Left
301,26,1012,Left
317,-109,988,Left
324,-66,1023,Left
336,-70,1000,Left
340,-47,1023,Left
305,-51,1016,Left
301,12,1012,Left
344,23,992,Left
328,8,981,Left
321,0,992,Left
336,-16,988,Left
321,-27,984,Left
317,-39,988,Left
313,-39,977,Left
313,-27,992,Left
313,-27,1016,Left
309,-35,1000,Left
309,-23,1027,Left
309,-31,1012,Left
309,-19,1035,Left
309,-27,996,Left
305,-39,992,Left
317,-59,981,Left
328,-62,984,Left
321,-74,992,Left
313,-66,984,Left
321,-47,1008,Left
336,-59,1012,Left
336,-55,1012,Left
172,132,1035,Left
164,163,1102,Left
28,77,1121,Left
-132,-86,1125,Left
-241,-242,1043,Left
-331,-348,1000,Left
-417,-410,1012,Left
-428,-402,1106,Left
-436,-484,1000,Left
-487,-766,914,Left
-491,-973,918,Left
-389,-1199,988,Left
-307,-1234,1000,Left
-335,-1117,945,Left
-343,-980,918,Left
-421,-1055,902,Left
-471,-723,797,Left
-436,-551,766,Left
-374,-570,754,Left
-327,-504,731,Left
-331,-461,715,Left
-346,-402,746,Left
-331,-363,738,Left
-124,-359,691,Left
-323,-160,691,Left
-229,-449,879,Left
-178,-461,859,Left
-136,-484,742,Left
-136,-355,797,Left
-53,-430,805,Left
-14,-437,824,Left
-53,-555,856,Left
-42,-512,848,Left
-46,-500,828,Left
-57,-477,824,Left
-77,-500,828,Left
-81,-566,832,Left
-112,-586,848,Left
-89,-570,824,Left
-93,-551,840,Left
-81,-570,797,Left
-81,-574,785,Left
-128,-617,773,Left
-112,-648,789,Left
-124,-637,762,Left
-120,-644,754,Left
-139,-609,742,Left
-112,-578,750,Left
-108,-594,738,Left
-108,-621,719,Left
-132,-660,723,Left
-112,-656,656,Left
-139,-723,672,Left
-136,-644,648,Left
-93,-676,676,Left
-116,-687,699,Left
-100,-754,715,Left
-89,-762,684,Left
-93,-758,684,Left
-89,-762,648,Left
-69,-769,652,Left
-65,-812,621,Left
-81,-805,617,Left
-77,-840,598,Left
-73,-859,570,Left
-42,-762,602,Left
-26,-1039,656,Left
-93,-984,602,Left
-65,-949,559,Left
16,-930,563,Left
-18,-996,570,Left
-85,-1043,551,Left
-89,-1023,535,Left
-96,-1035,551,Left
-42,-1031,566,Left
-108,-930,551,Left
-65,-1047,535,Left
-112,-984,508,Left
-136,-945,504,Left
-73,-941,527,Left
-124,-898,473,Left
-96,-898,492,Left
-65,-934,496,Left
-65,-965,500,Left
-89,-934,523,Left
-22,-894,535,Left
-8,-891,551,Left
-46,-883,563,Left
-11,-906,543,Left
-26,-836,535,Left
-26,-828,531,Left
-46,-805,531,Left
-26,-887,527,Left
-26,-867,551,Left
16,-898,590,Left
12,-914,590,Left
-26,-926,594,Left
-22,-848,570,Left
-57,-863,555,Left
-96,-879,492,Left
-96,-191,1027,Left
-93,-199,1039,Left
-96,-191,1047,Left
-93,-199,1043,Left
-96,-203,1055,Left
-81,-215,1055,Left
-89,-203,1063,Left
-85,-215,1043,Left
-89,-230,1070,Left
-93,-211,1066,Left
-85,-219,1059,Left
-77,-219,1063,Left
-81,-203,1074,Left
-85,-215,1094,Left
-81,-230,1098,Left
-85,-297,1082,Left
-77,-305,1078,Left
-81,-289,1051,Left
-81,-273,1039,Left
-73,-277,1059,Left
-65,-281,1031,Left
-38,-289,1008,Left
-38,-277,1016,Left
-42,-266,1000,Left
-34,-277,1000,Left
-22,-316,1020,Left
-8,-340,1016,Left
-8,-309,1004,Left
-18,-285,1004,Left
-18,-269,1023,Left
-81,-273,1023,Left
-65,-242,902,Left
-73,-570,1117,Left
-38,-453,1109,Left
-65,-488,1082,Left
-11,-352,1055,Left
-50,-297,1043,Left
-89,-305,1074,Left
-81,-301,1055,Left
-104,-246,1043,Left
-89,-227,1027,Left
-89,-215,1012,Left
-81,-215,1012,Left
-81,-223,1047,Left
-46,-250,1039,Left
-53,-227,1023,Left
-65,-211,1000,Left
-65,-230,1000,Left
-61,-238,1000,Left
-30,-258,996,Left
-30,-250,1000,Left
-26,-219,981,Left
-22,-199,973,Left
-4,-187,969,Left
-11,-187,977,Left
-8,-184,969,Left
-8,-191,977,Left
16,-180,969,Left
8,-172,969,Left
-8,-137,973,Left
0,-141,981,Left
12,-129,1000,Left
20,-129,992,Left
51,-121,1012,Left
47,-125,1035,Left
47,-148,1043,Left
59,-129,1008,Left
74,-109,1016,Left
59,-94,1039,Left
55,-70,1043,Left
39,-82,1051,Left
39,-82,1047,Left
55,-82,1027,Left
67,-121,1008,Left
90,-133,1020,Left
82,-141,1023,Left
51,-144,1035,Left
63,-121,1063,Left
74,-137,1039,Left
51,-109,1027,Left
47,-109,1020,Left
35,-117,1023,Left
51,-137,1023,Left
43,-172,1031,Left
47,-199,1043,Left
55,-207,1035,Left
59,-211,1047,Left
71,-199,1043,Left
67,-207,1047,Left
51,-187,1043,Left
43,-172,1039,Left
24,-156,1059,Left
24,-160,1031,Left
20,-144,1043,Left
0,-156,1043,Left
4,-168,1027,Left
12,-184,1035,Left
20,-180,1031,Left
20,-172,1020,Left
31,-164,1016,Left
39,-168,1000,Left
31,-152,1020,Left
31,-156,1035,Left
20,-144,1039,Left
28,-129,1039,Left
51,-109,1051,Left
59,-125,1063,Left
47,-109,1066,Left
47,-94,1078,Left
51,-86,1063,Left
55,-94,1043,Left
59,-113,1047,Left
63,-105,1031,Left
71,-129,1023,Left
71,-117,1020,Left
71,-117,1039,Left
71,-121,1012,Left
63,-105,1008,Left
59,-102,1000,Left
55,-94,992,Left
59,-86,1008,Left
106,-86,1027,Left
125,-86,1039,Left
141,-78,1043,Left
133,-66,1043,Left
117,-74,1023,Left
110,-98,1023,Left
117,-82,1023,Left
129,-86,1027,Left
145,-94,1043,Left
133,-82,1035,Left
149,-98,1023,Left
137,-90,1023,Left
145,-94,1031,Left
145,-105,1043,Left
133,-90,1023,Left
141,-90,1012,Left
117,-98,1008,Left
125,-117,1008,Left
121,-113,1004,Left
117,-113,1020,Left
125,-117,1020,Left
145,-113,1023,Left
117,-105,1008,Left
121,-86,1012,Left
110,-98,1020,Left
110,-117,1031,Left
121,-125,1043,Left
125,-133,1035,Left
129,-144,1023,Left
110,-121,1035,Left
102,-144,1039,Left
106,-141,1031,Left
114,-137,1027,Left
125,-133,1035,Left
129,-141,1023,Left
-229,-316,973,Left
-210,-266,957,Left
-210,-266,969,Left
-221,-262,973,Left
-241,-207,965,Left
-229,-180,938,Left
-178,-199,922,Left
-147,-195,930,Left
-202,-199,922,Left
-241,-168,895,Left
-214,-160,898,Left
-151,-125,945,Left
-159,-94,1035,Left
-116,-121,1078,Left
-128,-121,1094,Left
-151,-133,1066,Left
-108,-133,1043,Left
-65,-184,1070,Left
-65,-191,1055,Left
-93,-176,1027,Left
-85,-164,1063,Left
-100,-195,1035,Left
-132,-195,1027,Left
-167,-195,1020,Left
-120,-187,996,Left
-139,-184,961,Left
-128,-184,984,Left
-81,-129,1008,Left
-89,-160,1047,Left
-132,-133,988,Left
-120,-74,1008,Left
-96,-82,1043,Left
-77,-59,1035,Left
-100,-51,1055,Left
-124,-78,1047,Left
-124,-62,1047,Left
-147,-59,1039,Left
-136,-70,1055,Left
-77,-90,1078,Left
-38,-109,1082,Left
-18,-86,1082,Left
-46,-59,1090,Left
-26,-23,1102,Left
-11,0,1102,Left
-8,-35,1102,Left
20,-70,1098,Left
35,-98,1164,Left
28,-12,1160,Left
-42,26,1160,Left
-61,16,1141,Left
-81,26,1094,Left
-65,20,1070,Left
-50,-16,1059,Left
-11,-39,1082,Left
0,-47,1102,Left
20,-62,1063,Left
-4,-31,1063,Left
-26,20,1055,Left
-50,0,1047,Left
-77,-19,1059,Left
-96,-51,1035,Left
-108,-43,1031,Left
-128,-8,1023,Left
-155,-27,996,Left
-163,-35,973,Left
-171,-55,981,Left
-186,-59,984,Left
-198,-35,973,Left
-190,-31,953,Left
-202,-12,984,Left
-214,-47,1012,Left
-225,-51,1035,Left
-229,-66,1043,Left
-233,-90,1047,Left
-229,-105,1047,Left
-229,-125,1031,Left
-218,-129,1023,Left
-245,-113,1004,Left
-237,-62,1020,Left
-237,-39,1027,Left
-229,-51,1008,Left
-237,-47,1027,Left
-221,-51,1020,Left
-194,-82,1027,Left
-194,-102,1004,Left
-241,-62,1020,Left
-221,-59,1020,Left
-182,-94,1055,Left
-155,-117,1031,Left
-147,-129,1055,Left
-159,-133,1051,Left
-159,-125,1063,Left
-155,-102,1047,Left
-151,-74,1043,Left
-143,-39,1043,Left
-128,-35,1047,Left
-116,-47,1055,Left
-108,-62,1051,Left
-120,-90,1039,Left
-116,-86,1027,Left
16,-31,1074,Left
-8,-47,1063,Left
-4,-55,1059,Left
12,-35,1051,Left
47,-12,1059,Left
59,-43,1047,Left
39,-43,1055,Left
39,-51,1023,Left
16,-51,1039,Left
35,-39,1027,Left
28,-35,1043,Left
31,-66,1047,Left
12,-62,1047,Left
16,-47,1055,Left
43,-19,1043,Left
47,-16,1043,Left
20,-70,1070,Left
0,-70,1039,Left
8,-66,1047,Left
28,-51,1047,Left
16,-47,1055,Left
-4,-62,1066,Left
28,-35,1055,Left
31,-23,1051,Left
24,-23,1047,Left
39,-16,1035,Left
59,-19,1039,Left
39,-19,1035,Left
43,-23,1035,Left
67,-8,1039,Left
51,4,1035,Left
63,20,1051,Left
55,20,1035,Left
43,4,1039,Left
43,0,1027,Left
51,4,1055,Left
43,8,1059,Left
43,16,1066,Left
55,26,1070,Left
47,-39,1043,Left
28,-8,1051,Left
35,-59,1023,Left
35,-39,1031,Left
43,-35,1043,Left
51,-27,1043,Left
28,-16,1066,Left
24,-19,1047,Left
28,-4,1051,Left
43,16,1047,Left
24,-8,1070,Left
35,16,1043,Left
39,-4,1059,Left
43,4,1059,Left
55,0,1043,Left
67,-4,1035,Left
51,-4,1027,Left
47,-16,1027,Left
51,20,1039,Left
63,20,1051,Left
67,12,1055,Left
47,-4,1055,Left
47,20,1051,Left
47,-4,1066,Left
71,12,1059,Left
78,-8,1039,Left
74,-4,1039,Left
55,-4,1020,Left
47,12,1016,Left
55,12,1039,Left
67,-4,1070,Left
55,-4,1063,Left
59,20,1063,Left
67,-16,1043,Left
63,16,1059,Left
59,16,1039,Left
71,16,1039,Left
67,20,1031,Left
78,30,1027,Left
59,23,1035,Left
63,20,1039,Left
59,-12,1043,Left
59,23,1035,Left
74,16,1055,Left
55,26,1039,Left
67,16,1051,Left
98,54,1047,Left
86,30,1035,Left
67,38,1031,Left
86,12,1047,Left
74,34,1016,Left
71,54,1043,Left
71,38,1035,Left
82,62,1051,Left
86,58,1039,Left
82,65,1051,Left
71,42,1023,Left
71,38,1047,Left
71,46,1039,Left
74,58,1031,Left
71,54,1059,Left
63,50,1059,Left
63,50,1059,Left
63,50,1051,Left
59,50,1059,Left
78,46,1051,Left
63,38,1051,Left
67,38,1027,Left
71,50,1027,Left
55,34,1035,Left
55,30,1055,Left
55,12,1043,Left
71,8,1066,Left
39,23,1051,Left
51,20,1055,Left
71,30,1051,Left
47,12,1035,Left
31,20,1035,Left
39,12,1047,Left
51,20,1059,Left
55,23,1070,Left
51,0,1066,Left
51,8,1051,Left
39,4,1043,Left
39,-4,1047,Left
43,8,1047,Left
59,-4,1043,Left
55,0,1020,Left
55,-8,1035,Left
63,-16,1039,Left
59,20,1027,Left
63,16,1039,Left
55,26,1051,Left
59,8,1039,Left
51,-16,1035,Left
71,16,1059,Left
74,23,1039,Left
74,30,1035,Left
51,20,1031,Left
59,16,1035,Left
59,-8,1035,Left
55,16,1047,Left
59,-8,1059,Left
51,-12,1059,Left
51,16,1043,Left
51,-19,1027,Left
39,-43,1031,Left
31,0,1027,Left
55,-23,1059,Left
35,-39,1074,Left
43,-23,1063,Left
55,-31,1063,Left
55,-43,1039,Left
43,-55,1035,Left
43,-27,1023,Left
43,-55,1043,Left
55,-35,1047,Left
82,-55,1055,Left
82,-59,1043,Left
74,-94,1035,Left
63,-70,1012,Left
51,-55,1016,Left
51,-47,1027,Left
74,-47,1047,Left
78,-39,1066,Left
71,-35,1063,Left
71,-55,1066,Left
78,-70,1051,Left
78,-74,1043,Left
86,-98,1059,Left
90,-90,1055,Left
82,-94,1039,Left
86,-109,1047,Left
74,-98,1074,Left
78,-102,1078,Left
71,-82,1086,Left
86,-86,1070,Left
74,-94,1051,Left
86,-86,1059,Left
82,-90,1023,Left
63,-98,1020,Left
71,-82,1039,Left
78,-62,1051,Left
98,-82,1063,Left
90,-98,1059,Left
106,-125,1063,Left
82,-144,1074,Left
94,-133,1063,Left
82,-105,1043,Left
94,-90,1066,Left
78,-78,1043,Left
78,-78,1063,Left
71,-78,1055,Left
90,-90,1078,Left
117,-90,1059,Left
114,-98,1086,Left
98,-125,1086,Left
74,-137,1078,Left
51,-117,1059,Left
20,-78,1051,Left
4,-66,1047,Left
4,-62,1047,Left
-4,-66,1086,Left
0,-86,1078,Left
8,-102,1074,Left
12,-113,1070,Left
8,-105,1059,Left
20,-74,1074,Left
12,-94,1051,Left
12,-94,1043,Left
8,-94,1035,Left
12,-78,1016,Left
28,-70,981,Left
24,-70,953,Left
28,-78,953,Left
31,-66,953,Left
43,-78,938,Left
51,-78,949,Left
63,-43,922,Left
59,-43,930,Left
63,-39,938,Left
47,-39,918,Left
51,-43,914,Left
94,-43,961,Left
129,12,1039,Left
129,42,1098,Left
121,69,1199,Left
125,26,1219,Left
102,12,1168,Left
74,20,1133,Left
78,23,1086,Left
67,-39,1023,Left
59,-74,1016,Left
67,-90,1016,Left
71,-78,1023,Left
74,-78,1031,Left
74,-51,1035,Left
47,-47,1031,Left
35,-35,1031,Left
31,-39,1051,Left
31,-43,1047,Left
47,-59,1051,Left
47,-51,1051,Left
59,-74,1047,Left
63,-78,1051,Left
71,-70,1051,Left
55,-62,1043,Left
47,-39,1043,Left
63,-35,1035,Left
63,-27,1035,Left
55,-23,1035,Left
63,-51,1047,Left
59,-62,1020,Left
39,-55,1043,Left
39,-47,1047,Left
51,-43,1047,Left
55,-55,1043,Left
51,-51,1059,Left
55,-59,1055,Left
43,-51,1047,Left
55,-55,1047,Left
39,-47,1047,Left
39,-39,1043,Left
55,-43,1051,Left
55,-47,1063,Left
55,-55,1055,Left
43,-55,1051,Left
51,-74,1047,Left
67,-78,1051,Left
67,-90,1051,Left
67,-98,1023,Left
55,-70,1039,Left
47,-47,1016,Left
31,-23,1070,Left
35,16,1059,Left
35,-66,1031,Left
59,-43,1035,Left
71,-62,1051,Left
55,-47,1059,Left
55,-66,1031,Left
28,-113,1027,Left
71,-102,1027,Left
74,-144,1023,Left
55,-141,1020,Left
55,-144,1023,Left
43,-137,1023,Left
39,-176,1035,Left
47,-176,1047,Left
47,-180,1047,Left
47,-137,1047,Left
59,-137,1039,Left
55,-125,1051,Left
51,-144,1035,Left
51,-90,1020,Left
28,-117,1023,Left
28,-90,1035,Left
28,-82,1035,Left
39,-55,1047,Left
39,-70,1055,Left
31,-51,1063,Left
24,-43,1055,Left
28,-55,1047,Left
35,-19,1055,Left
55,-51,1047,Left
39,-31,1051,Left
24,-62,1047,Left
20,-78,1043,Left
28,-66,1047,Left
20,-86,1051,Left
28,-82,1035,Left
31,-90,1039,Left
31,-35,1066,Left
51,-59,1055,Left
35,-70,1051,Left
35,-86,1043,Left
39,-74,1027,Left
47,-66,1043,Left
35,-66,1043,Left
47,-59,1035,Left
31,-74,1039,Left
51,-55,1023,Left
47,-94,1031,Left
39,-78,1043,Left
39,-102,1059,Left
51,-66,1059,Left
24,-62,1043,Left
28,-39,1043,Left
28,-74,1023,Left
20,-82,1039,Left
35,-82,1043,Left
20,-86,1063,Left
4,-66,1066,Left
24,-86,1059,Left
4,-62,1078,Left
12,-62,1066,Left
20,-55,1051,Left
4,-47,1063,Left
12,-27,1035,Left
16,-47,1043,Left
8,-35,1051,Left
8,-43,1059,Left
35,-62,1063,Left
47,-59,1055,Left
24,-74,1039,Left
47,-86,1023,Left
55,-94,1043,Left
43,-59,1020,Left
43,-62,1039,Left
31,-86,1039,Left
28,-62,1039,Left
43,-62,1039,Left
55,-74,1027,Left
55,-78,1051,Left
63,-90,1016,Left
39,-82,1020,Left
31,-98,1027,Left
35,-98,1027,Left
43,-113,1027,Left
39,-121,1063,Left
35,-137,1059,Left
28,-137,1055,Left
16,-141,1047,Left
20,-152,1051,Left
31,-137,1043,Left
20,-137,1070,Left
39,-86,1043,Left
47,-86,1039,Left
28,-94,1043,Left
35,-74,1047,Left
31,-55,1027,Left
35,-51,1051,Left
35,-47,1047,Left
20,-47,1027,Left
20,-19,1035,Left
35,0,1035,Left
47,-78,1035,Left
39,-105,1023,Left
28,-98,1035,Left
24,-109,1031,Left
12,-125,1047,Left
20,-117,1055,Left
4,-94,1074,Left
0,-82,1055,Left
0,-43,1055,Left
-4,-82,1043,Left
12,-51,1059,Left
-8,20,1051,Left
0,-12,1047,Left
4,-43,1070,Left
20,-16,1051,Left
12,-39,1035,Left
20,4,1043,Left
20,-39,1051,Left
4,-43,1027,Left
0,-12,1063,Left
0,-55,1078,Left
-11,-27,1078,Left
35,8,1055,Left
16,-16,1039,Left
4,12,1043,Left
16,16,1039,Left
16,4,1047,Left
4,4,1063,Left
12,-27,1051,Left
24,-51,1035,Left
39,-19,1039,Left
39,-35,1043,Left
39,-19,1031,Left
43,-74,1047,Left
31,-70,1031,Left
8,-31,1051,Left
28,12,1043,Left
24,-4,1082,Left
74,-184,1039,Left
55,-78,1027,Left
43,-51,1023,Left
51,-23,1031,Left
51,-16,1039,Left
55,-27,1031,Left
78,-51,1039,Left
90,-59,1031,Left
98,-70,1035,Left
110,-59,1047,Left
102,-51,1043,Left
94,-66,1051,Left
90,-59,1023,Left
86,-82,1055,Left
98,-74,1039,Left
90,-59,1055,Left
94,-70,1043,Left
106,-62,1035,Left
98,-51,1027,Left
102,-51,1047,Left
98,-62,1031,Left
78,-47,1043,Left
98,-55,1039,Left
94,-70,1063,Left
90,-90,1055,Left
86,-98,1059,Left
78,-78,1047,Left
74,-78,1039,Left
71,-55,1043,Left
82,-55,1047,Left
90,-39,1035,Left
74,-43,1039,Left
86,-59,1035,Left
102,-70,1035,Left
98,-82,1027,Left
94,-74,1059,Left
98,-66,1055,Left
90,-74,1031,Left
98,-62,1039,Left
102,-59,1039,Left
94,-66,1039,Left
106,-74,1020,Left
106,-66,1035,Left
110,-70,1039,Left
98,-66,1035,Left
110,-59,1043,Left
110,-59,1035,Left
106,-74,1035,Left
106,-82,1035,Left
117,-78,1047,Left
121,-62,1039,Left
110,-59,1035,Left
102,-43,1023,Left
106,-47,1027,Left
106,-59,1039,Left
110,-78,1043,Left
114,-70,1020,Left
114,-78,1043,Left
98,-51,1039,Left
110,-51,1043,Left
110,-51,1023,Left
98,-51,1039,Left
94,-59,1023,Left
106,-66,1039,Left
90,-43,1051,Left
102,-47,1035,Left
106,-55,1059,Left
90,-59,1063,Left
98,-59,1047,Left
94,-43,1051,Left
98,-59,1051,Left
102,-47,1027,Left
102,-35,1047,Left
106,-47,1031,Left
98,-55,1031,Left
106,-55,1035,Left
106,-66,1047,Left
98,-66,1047,Left
90,-66,1039,Left
94,-66,1043,Left
106,-66,1047,Left
86,-35,1023,Left
90,-43,1047,Left
90,-27,1031,Left
90,-51,1047,Left
94,-55,1043,Left
94,-51,1051,Left
110,-66,1043,Left
86,-47,1043,Left
82,-39,1027,Left
102,-51,1039,Left
86,-59,1039,Left
86,-55,1043,Left
90,-47,1047,Left
86,-35,1039,Left
98,-43,1047,Left
90,-43,1051,Left
90,-39,1047,Left
102,-55,1039,Left
90,-47,1031,Left
102,-51,1035,Left
86,-47,1047,Left
86,-51,1047,Left
55,-31,1043,Left
59,-31,1035,Left
67,-51,1043,Left
63,-35,1055,Left
63,-74,1031,Left
71,-78,1035,Left
67,-86,1051,Left
63,-94,1039,Left
74,-90,1031,Left
63,-82,1043,Left
55,-102,1035,Left
59,-86,1035,Left
74,-82,1063,Left
55,-98,1047,Left
63,-62,1027,Left
78,-117,1027,Left
55,-86,1039,Left
59,-121,1043,Left
35,-121,1031,Left
43,-109,1051,Left
43,-94,1051,Left
43,-102,1039,Left
39,-82,1039,Left
59,-66,1043,Left
55,-47,1039,Left
43,-43,1035,Left
47,-66,1043,Left
43,-66,1043,Left
47,-62,1031,Left
47,-70,1035,Left
35,-43,1027,Left
74,-102,1055,Left
31,-102,1035,Left
51,-51,1012,Left
74,-90,1055,Left
51,-66,1051,Left
35,-43,1016,Left
31,-94,1031,Left
67,-82,1055,Left
47,-47,1043,Left
55,-98,1051,Left
43,-82,1027,Left
39,-90,1035,Left
39,-86,1051,Left
59,-105,1047,Left
31,-152,1047,Left
31,-113,1023,Left
31,-109,1039,Left
28,-94,1043,Left
39,-94,1039,Left
28,-86,1035,Left
39,-125,1063,Left
20,-109,1059,Left
35,-98,1055,Left
20,-59,1043,Left
28,-35,1055,Left
31,-39,1035,Left
12,-35,1047,Left
31,-51,1035,Left
20,-19,1035,Left
16,-23,1039,Left
59,0,1051,Left
59,4,1039,Left
47,12,1023,Left
67,-16,1047,Left
55,-27,1066,Left
35,30,1059,Left
47,34,1066,Left
71,26,1070,Left
133,46,1027,Left
94,-19,1031,Left
31,-55,1000,Left
47,23,1039,Left
71,23,1047,Left
67,42,1055,Left
55,38,1043,Left
47,20,1043,Left
47,0,1031,Left
24,0,1051,Left
43,-4,1063,Left
31,-8,1039,Left
51,-16,1059,Left
67,-12,1051,Left
67,-31,1035,Left
59,-27,1031,Left
71,-62,1039,Left
55,0,1035,Left
63,12,1023,Left
67,-31,1047,Left
78,23,1047,Left
98,-19,1039,Left
82,-16,1035,Left
71,-35,1031,Left
67,-16,1031,Left
67,-12,1035,Left
98,-16,1039,Left
82,-31,1035,Left
82,-4,1043,Left
90,-19,1027,Left
86,-19,1035,Left
78,-16,1027,Left
98,-16,1039,Left
78,-27,1051,Left
82,-43,1039,Left
82,-31,1035,Left
98,-16,1043,Left
86,-39,1047,Left
71,-23,1023,Left
82,-39,1031,Left
86,-12,1027,Left
102,-47,1035,Left
94,-27,1035,Left
98,-35,1051,Left
125,-23,1039,Left
90,-19,1031,Left
78,-23,1043,Left
86,-23,1043,Left
90,-35,1043,Left
102,-39,1047,Left
125,-43,1035,Left
110,-19,1020,Left
82,-47,1039,Left
78,-8,1031,Left
82,-27,1047,Left
82,-12,1063,Left
82,-19,1043,Left
86,-12,1047,Left
71,-16,1039,Left
102,-8,1020,Left
110,-23,1043,Left
94,-51,1039,Left
74,-23,1055,Left
90,-12,1035,Left
86,0,1043,Left
94,-23,1043,Left
94,-19,1027,Left
86,-4,1027,Left
90,-35,1047,Left
86,4,1047,Left
94,-31,1035,Left
90,-62,1027,Left
90,-16,1023,Left
98,-35,1043,Left
82,-35,1055,Left
74,-27,1059,Left
78,-4,1066,Left
59,-4,1055,Left
78,0,1027,Left
63,-4,1047,Left
74,-4,1035,Left
86,-12,1035,Left
78,-8,1023,Left
82,-4,1063,Left
28,-19,1043,Right
39,-39,1059,Right
28,-23,1043,Right
35,-23,1047,Right
35,-35,1047,Right
31,-23,1059,Right
24,-19,1031,Right
31,-31,1063,Right
28,-39,1063,Right
16,-19,1059,Right
16,-31,1039,Right
24,-23,1066,Right
28,-23,1055,Right
28,-31,1031,Right
39,-27,1047,Right
4,-19,1035,Right
16,-27,1051,Right
16,-23,1047,Right
20,-16,1027,Right
24,-23,1051,Right
28,-27,1039,Right
16,-16,1035,Right
24,-31,1043,Right
20,-27,1047,Right
28,-23,1043,Right
24,-35,1031,Right
8,-23,1035,Right
24,-27,1035,Right
16,-19,1035,Right
16,-27,1039,Right
24,-27,1047,Right
12,-27,1043,Right
8,-35,1051,Right
16,-35,1059,Right
24,-19,1051,Right
20,-23,1035,Right
12,-19,1043,Right
12,-31,1063,Right
12,-31,1063,Right
8,-12,1047,Right
12,-27,1031,Right
16,-39,1027,Right
20,-27,1039,Right
12,-31,1027,Right
12,-19,1031,Right
24,-27,1043,Right
12,-31,1039,Right
20,-39,1055,Right
4,-27,1043,Right
8,-23,1047,Right
8,-31,1047,Right
12,-23,1027,Right
4,-39,1027,Right
4,-39,1047,Right
16,-31,1055,Right
4,-27,1047,Right
8,-39,1043,Right
0,-27,1055,Right
12,-31,1051,Right
8,-35,1031,Right
8,-35,1039,Right
8,-39,1063,Right
4,-23,1047,Right
4,-23,1031,Right
12,-35,1043,Right
8,-39,1043,Right
4,-31,1047,Right
12,-39,1043,Right
12,-27,1047,Right
4,-31,1035,Right
0,-39,1051,Right
0,-19,1059,Right
16,-35,1035,Right
20,-27,1047,Right
8,-39,1051,Right
0,-39,1043,Right
0,-39,1059,Right
8,-47,1051,Right
4,-39,1043,Right
4,-39,1047,Right
12,-39,1047,Right
-4,-31,1047,Right
-4,-35,1035,Right
-8,-27,1059,Right
-4,-27,1016,Right
-4,-39,1047,Right
12,-27,1047,Right
-4,-31,1059,Right
8,-27,1027,Right
4,-39,1043,Right
0,-27,1051,Right
4,-31,1043,Right
8,-31,1039,Right
0,-31,1047,Right
4,-35,1051,Right
-4,-39,1047,Right
4,-47,1031,Right
12,-35,1051,Right
-11,-43,1039,Right
-4,-31,1047,Right
-4,-35,1043,Right
4,-39,1043,Right
4,-35,1043,Right
4,-19,1043,Right
4,-51,1039,Right
8,-35,1043,Right
24,-78,1047,Right
28,-66,1051,Right
31,-59,1047,Right
28,-82,1055,Right
28,-78,1043,Right
28,-90,1039,Right
28,-98,1055,Right
20,-78,1055,Right
47,4,1059,Right
35,-23,1047,Right
4,-23,1055,Right
16,-39,1043,Right
24,-27,1043,Right
20,-27,1051,Right
31,-47,1043,Right
43,-39,1035,Right
39,-4,1047,Right
39,23,1035,Right
39,0,1047,Right
51,-19,1043,Right
31,-19,1047,Right
16,-12,1055,Right
31,-4,1035,Right
28,-19,1055,Right
28,-8,1055,Right
28,-12,1051,Right
31,0,1043,Right
20,0,1063,Right
28,-16,1066,Right
31,-12,1039,Right
39,-8,1047,Right
24,8,1059,Right
31,16,1051,Right
39,23,1047,Right
20,26,1043,Right
28,20,1051,Right
55,23,1051,Right
39,4,1055,Right
39,-8,1047,Right
47,-27,1031,Right
35,0,1055,Right
12,0,1066,Right
0,8,1059,Right
4,-23,1043,Right
-4,-4,1039,Right
-8,-43,1031,Right
-8,-55,1039,Right
16,-66,1059,Right
20,-47,1051,Right
16,-59,1043,Right
31,-55,1023,Right
31,-62,1016,Right
28,-43,1031,Right
35,-82,1043,Right
35,-82,1035,Right
39,-43,1035,Right
43,-12,1031,Right
43,-59,1016,Right
35,-66,1020,Right
24,-62,1023,Right
20,-47,1047,Right
4,-8,1027,Right
-4,30,1070,Right
-8,26,1051,Right
-14,16,1051,Right
-11,4,1074,Right
-8,-12,1051,Right
-8,-39,1043,Right
-11,-31,1059,Right
-4,-51,1059,Right
-14,-55,1023,Right
-11,-74,1055,Right
0,-59,1055,Right
-14,-78,1039,Right
-8,-82,1055,Right
-11,-82,1051,Right
0,-86,1047,Right
0,-70,1027,Right
0,-66,1012,Right
8,-43,1012,Right
-18,-35,1051,Right
-4,-70,1023,Right
-4,-66,1027,Right
-8,-59,1051,Right
-4,-47,1055,Right
-8,-23,1066,Right
-4,-23,1043,Right
-14,-4,1047,Right
-22,-31,1035,Right
-14,-47,1035,Right
-8,-66,1063,Right
-8,-47,1055,Right
-8,-59,1023,Right
-18,-31,1039,Right
-14,-66,1043,Right
-18,-70,1066,Right
-4,-66,1059,Right
16,-66,1051,Right
-4,-86,1023,Right
-14,-43,1051,Right
-14,-39,1047,Right
-8,-16,1055,Right
-22,-31,1031,Right
-14,-31,1043,Right
-8,-16,1047,Right
8,-27,1031,Right
8,-43,1047,Right
-14,-39,1043,Right
-4,-23,1051,Right
12,-62,1043,Right
-8,-59,1055,Right
-14,-43,1051,Right
-11,-39,1039,Right
-26,-12,1070,Right
-8,-8,1066,Right
-18,-27,1047,Right
-14,-43,1039,Right
-22,-74,1051,Right
-22,-55,1070,Right
-11,-113,1023,Right
-4,-66,1051,Right
-11,-43,1055,Right
-18,-66,1066,Right
-22,-78,1039,Right
-18,-121,1035,Right
-18,-98,1039,Right
-22,-109,1051,Right
-38,-70,1063,Right
-26,-78,1020,Right
-4,-109,1055,Right
-8,-98,1055,Right
-8,-176,1027,Right
-4,-133,1047,Right
-11,-133,1027,Right
-11,-94,1043,Right
4,-102,1031,Right
-8,-43,1059,Right
-22,-121,1020,Right
-18,-121,1031,Right
-11,-160,1031,Right
-11,-109,1059,Right
-14,-129,1035,Right
-11,-141,1043,Right
-14,-137,1043,Right
-14,-113,1066,Right
-22,-117,1027,Right
4,-129,1031,Right
-4,-137,1023,Right
-22,-121,1039,Right
-46,-35,1047,Right
-30,-35,1039,Right
-34,-43,1043,Right
-26,-55,1035,Right
-46,-43,1051,Right
-57,-31,1043,Right
-38,-31,1039,Right
-53,-51,1043,Right
-46,-47,1047,Right
-57,-35,1051,Right
-46,-31,1047,Right
-50,-27,1035,Right
-42,-47,1020,Right
-42,-51,1039,Right
-46,-43,1047,Right
-46,-43,1043,Right
-57,-39,1051,Right
-53,-43,1051,Right
-50,-47,1055,Right
-50,-39,1035,Right
-50,-31,1027,Right
-50,-43,1027,Right
-53,-51,1027,Right
-42,-39,1031,Right
-38,-27,1047,Right
-42,-35,1027,Right
-50,-35,1035,Right
-46,-47,1043,Right
-42,-43,1043,Right
-50,-43,1055,Right
-46,-47,1031,Right
-57,-47,1055,Right
-46,-39,1051,Right
-57,-35,1055,Right
-50,-39,1055,Right
-42,-43,1055,Right
-42,-51,1051,Right
-42,-47,1035,Right
-57,-47,1043,Right
-46,-47,1047,Right
-46,-59,1047,Right
-46,-47,1043,Right
-53,-47,1035,Right
-46,-27,1035,Right
-57,-35,1039,Right
-50,-35,1051,Right
-42,-59,1059,Right
-53,-55,1043,Right
-57,-55,1039,Right
-50,-51,1047,Right
-61,-39,1059,Right
-57,-47,1055,Right
-53,-51,1047,Right
-61,-43,1039,Right
-50,-47,1047,Right
-53,-47,1043,Right
-61,-47,1027,Right
-57,-55,1039,Right
-50,-62,1047,Right
-65,-39,1039,Right
-53,-59,1047,Right
-50,-55,1039,Right
-50,-51,1055,Right
-50,-62,1035,Right
-53,-55,1039,Right
-57,-47,1043,Right
-61,-47,1031,Right
-50,-51,1035,Right
-61,-51,1043,Right
-50,-55,1039,Right
-53,-62,1059,Right
-53,-51,1051,Right
-61,-51,1047,Right
-46,-43,1043,Right
-42,-51,1047,Right
-50,-55,1043,Right
-50,-70,1043,Right
-50,-55,1043,Right
-57,-51,1051,Right
-65,-43,1031,Right
-46,-51,1047,Right
-53,-51,1039,Right
-50,-59,1039,Right
-53,-47,1043,Right
-61,-59,1039,Right
-61,-51,1043,Right
-61,-51,1043,Right
-57,-47,1035,Right
-69,-51,1039,Right
-57,-47,1047,Right
-57,-39,1047,Right
-53,-51,1035,Right
-61,-55,1027,Right
-65,-51,1039,Right
-57,-55,1063,Right
-65,-43,1039,Right
-65,-47,1035,Right
-53,-51,1035,Right
-57,-47,1039,Right
-61,-43,1047,Right
-50,-62,1039,Right
-65,-55,1055,Right
-8,-39,1051,Right
-11,-39,1047,Right
-11,-31,1051,Right
-8,-27,1035,Right
-11,-12,1051,Right
-11,-16,1047,Right
-4,-31,1035,Right
16,-12,1047,Right
4,-4,1027,Right
-8,0,1031,Right
-4,-16,1039,Right
-4,0,1059,Right
-11,-16,1047,Right
-4,-19,1051,Right
4,-31,1039,Right
-8,-27,1039,Right
-11,-27,1059,Right
-11,-39,1047,Right
-8,-35,1039,Right
8,-62,1023,Right
8,-62,1035,Right
4,-70,1051,Right
-8,-47,1070,Right
-8,-74,1039,Right
-8,-90,1031,Right
-14,-102,1031,Right
-11,-78,1059,Right
-11,-78,1051,Right
-14,-82,1031,Right
-11,-66,1039,Right
-11,-86,1043,Right
-11,-70,1043,Right
-8,-82,1031,Right
-11,-47,1059,Right
-11,-59,1047,Right
-11,-47,1039,Right
-11,-19,1055,Right
-11,-16,1043,Right
-4,-27,1043,Right
-11,-43,1043,Right
-4,-55,1043,Right
-11,-51,1035,Right
-8,-35,1051,Right
0,-23,1047,Right
-11,-35,1047,Right
-11,0,1070,Right
-14,-8,1059,Right
-8,-16,1059,Right
-8,-8,1055,Right
0,-8,1023,Right
4,23,1039,Right
4,38,1055,Right
4,23,1055,Right
-8,34,1035,Right
-4,54,1043,Right
-4,58,1047,Right
-8,62,1027,Right
-4,65,1059,Right
-8,97,1051,Right
-14,89,1051,Right
-11,116,1066,Right
-14,148,1086,Right
-11,128,1074,Right
-4,144,1063,Right
12,159,1086,Right
20,163,1055,Right
-8,155,1043,Right
-4,167,1027,Right
-4,167,1004,Right
-4,171,1035,Right
-11,198,1074,Right
-4,202,1059,Right
0,257,1070,Right
-14,249,1066,Right
-42,253,1043,Right
-34,226,1051,Right
-22,140,1051,Right
-11,194,1086,Right
-11,183,1098,Right
-14,112,1031,Right
-18,194,1055,Right
-11,226,1035,Right
-18,280,1012,Right
-46,296,1039,Right
-50,265,1051,Right
-65,230,1074,Right
-30,140,1082,Right
-22,167,1059,Right
-34,159,1063,Right
-22,140,1027,Right
-50,159,1066,Right
-53,245,1086,Right
-85,144,1059,Right
-104,112,1059,Right
-112,163,1106,Right
-89,116,1063,Right
-93,42,1031,Right
-108,42,1051,Right
-116,-27,1055,Right
-89,-4,1074,Right
-93,-51,1027,Right
-100,-74,1016,Right
-128,-86,1012,Right
-108,-121,1020,Right
-124,-82,1074,Right
-100,-125,1043,Right
-104,-105,1035,Right
-96,-102,1047,Right
-100,-211,1047,Right
-81,-293,1012,Right
-100,-246,1043,Right
-139,-262,1027,Right
-147,-195,1035,Right
-120,-262,1035,Right
-128,-281,1035,Right
-104,-285,1031,Right
-93,-269,1023,Right
-124,-269,1035,Right
-73,-285,1027,Right
-77,-328,1020,Right
-108,-297,1031,Right
-104,-277,1035,Right
-112,-230,1074,Right
-124,-242,1039,Right
-128,-297,1004,Right
-104,-269,1035,Right
-112,-289,1027,Right
-120,-254,1039,Right
-112,-266,1020,Right
-65,-230,1047,Right
-100,-238,1008,Right
-96,-230,1047,Right
-85,-219,1043,Right
-132,-199,1059,Right
-116,-191,1051,Right
-108,-168,1043,Right
-89,-176,1035,Right
-77,-187,1016,Right
-85,-156,1016,Right
-104,-152,1023,Right
-93,-105,1035,Right
-93,-105,1012,Right
-100,-39,1047,Right
-81,-59,1027,Right
-77,-47,1020,Right
-85,-74,1023,Right
-81,-62,1039,Right
-85,-27,1051,Right
-93,-19,1012,Right
-100,-23,1008,Right
-77,-12,1031,Right
-77,8,1066,Right
-81,0,1047,Right
-81,4,1070,Right
-139,-152,1086,Right
-143,-129,1043,Right
-143,-137,1039,Right
-159,-191,1047,Right
-136,-215,1012,Right
-81,-227,984,Right
-112,-195,1012,Right
-108,-199,1008,Right
-112,-187,981,Right
-143,-172,1000,Right
-151,-148,973,Right
-128,-203,969,Right
-112,-180,988,Right
-77,-191,1023,Right
-53,-230,1039,Right
-77,-199,1020,Right
-100,-211,973,Right
-108,-191,977,Right
-104,-195,957,Right
-85,-164,965,Right
-38,-184,1012,Right
-8,-176,1023,Right
0,-187,1059,Right
0,-187,1023,Right
-14,-195,1000,Right
-18,-184,1004,Right
-34,-160,1008,Right
-77,-148,1039,Right
-128,-164,1027,Right
-155,-141,1051,Right
-182,-148,1066,Right
-147,-160,1074,Right
-116,-164,1059,Right
-124,-148,1051,Right
-120,-172,1035,Right
-96,-109,1043,Right
-81,-113,1035,Right
-100,-144,1039,Right
-93,-148,1035,Right
-69,-156,1043,Right
-42,-176,1043,Right
-26,-172,1027,Right
-38,-164,1012,Right
-42,-156,1016,Right
-18,-164,1020,Right
-8,-133,1035,Right
-11,-117,1035,Right
-14,-125,1043,Right
-11,-121,1035,Right
-18,-117,1039,Right
-14,-137,1031,Right
0,-141,1043,Right
-4,-121,1016,Right
-4,-125,1051,Right
4,-117,1043,Right
4,-137,1027,Right
-11,-156,1023,Right
0,-152,1039,Right
8,-125,1031,Right
4,-117,1043,Right
12,-90,1023,Right
20,-105,1031,Right
8,-148,1023,Right
20,-148,1027,Right
20,-148,1023,Right
20,-121,1035,Right
28,-117,1035,Right
24,-109,1031,Right
51,-125,1027,Right
31,-148,1020,Right
39,-160,1039,Right
31,-137,1035,Right
16,-125,1035,Right
20,-105,1027,Right
16,-102,1039,Right
12,-109,1016,Right
16,-129,1043,Right
31,-133,1035,Right
51,-117,1039,Right
31,-102,1031,Right
28,-133,1020,Right
4,-90,1047,Right
-4,-113,1051,Right
-8,-109,1059,Right
4,-86,1063,Right
16,-105,1047,Right
31,-109,1035,Right
28,-117,1039,Right
31,-121,1031,Right
82,-78,1051,Right
86,-109,1031,Right
82,-148,1016,Right
82,-156,1012,Right
94,-152,1027,Right
63,-133,1012,Right
63,-141,1023,Right
71,-102,1012,Right
59,-86,1039,Right
67,-109,1023,Right
55,-137,1031,Right
55,-70,1020,Right
39,-82,1027,Right
39,-62,1043,Right
43,-66,1047,Right
28,-66,1043,Right
35,-62,1027,Right
39,-78,1039,Right
39,-66,1031,Right
39,-59,1039,Right
39,-74,1039,Right
20,-39,1039,Right
43,-62,1047,Right
47,-51,1039,Right
43,-62,1051,Right
43,-59,1051,Right
39,-74,1031,Right
20,-59,1063,Right
28,-55,1051,Right
51,-59,1055,Right
55,-39,1047,Right
47,-62,1035,Right
47,-102,1027,Right
24,144,1059,Right
98,73,1031,Right
31,38,1043,Right
82,30,1051,Right
63,58,1035,Right
59,101,1047,Right
63,105,1059,Right
55,105,1035,Right
63,81,1055,Right
51,97,1051,Right
51,89,1059,Right
59,108,1066,Right
51,132,1043,Right
43,120,1043,Right
24,97,1051,Right
39,85,1059,Right
47,65,1066,Right
39,65,1051,Right
20,38,1047,Right
24,30,1055,Right
35,16,1055,Right
35,16,1047,Right
71,26,1051,Right
63,20,1047,Right
63,65,1043,Right
51,58,1027,Right
51,54,1043,Right
39,12,1043,Right
55,-19,1043,Right
59,-31,1070,Right
43,-35,1031,Right
47,-23,1020,Right
20,16,1063,Right
35,26,1043,Right
24,34,1039,Right
8,26,1055,Right
-8,8,1043,Right
8,-12,1051,Right
28,0,1070,Right
39,-19,1055,Right
16,4,1027,Right
16,30,1043,Right
-8,23,1035,Right
4,26,1047,Right
16,-16,1063,Right
8,-16,1043,Right
12,-8,1039,Right
20,26,1059,Right
8,23,1066,Right
20,26,1066,Right
16,54,1066,Right
24,46,1047,Right
20,46,1066,Right
0,62,1055,Right
4,77,1059,Right
-11,77,1051,Right
-8,58,1074,Right
12,42,1066,Right
-4,54,1063,Right
16,58,1039,Right
47,54,1063,Right
16,50,1043,Right
0,62,1063,Right
16,69,1027,Right
31,26,1047,Right
43,0,1063,Right
47,26,1055,Right
55,38,1059,Right
39,58,1078,Right
63,85,1047,Right
82,93,1043,Right
78,30,1020,Right
71,16,1012,Right
78,-55,1016,Right
106,-82,1027,Right
94,0,1031,Right
39,-51,1055,Right
82,-43,1035,Right
63,-23,1031,Right
47,-27,1027,Right
16,-16,1031,Right
39,8,1008,Right
39,-43,1000,Right
16,-78,1035,Right
67,-43,996,Right
4,-62,1027,Right
-14,-78,1047,Right
-53,-109,1047,Right
-50,-16,1039,Right
-22,-43,1031,Right
28,-105,1031,Right
67,-184,1043,Right
31,-266,1027,Right
47,-195,1043,Right
51,-191,1016,Right
51,-172,1031,Right
82,-117,1008,Right
39,-121,992,Right
94,-227,961,Right
102,-277,1020,Right
71,-328,1047,Right
117,-359,977,Right
82,-383,945,Right
67,-320,902,Right
82,-262,871,Right
86,-297,805,Right
110,-281,840,Right
160,-234,918,Right
86,-406,664,Right
160,151,1305,Right
188,-277,1277,Right
59,-320,1418,Right
-34,-340,1328,Right
-50,-219,1234,Right
-34,-203,1219,Right
-30,-176,1164,Right
-4,-144,1113,Right
-8,-184,1066,Right
-22,-187,1004,Right
0,-109,1031,Right
0,-144,1031,Right
-14,-109,1051,Right
-11,-70,1039,Right
-14,-35,1031,Right
-26,-8,1031,Right
-11,-27,1008,Right
4,-31,1035,Right
-8,-55,1051,Right
43,-35,1059,Right
28,-59,1070,Right
-11,-51,1063,Right
-11,-8,1066,Right
-14,8,1051,Right
-22,16,1043,Right
74,116,1059,Right
125,-19,1063,Right
192,-98,1270,Right
242,-269,1328,Right
215,-168,1258,Right
114,-113,1125,Right
8,-180,1055,Right
-4,-109,977,Right
-4,-102,973,Right
16,-98,961,Right
-8,-98,1035,Right
24,-82,1086,Right
39,-98,1066,Right
35,-86,1070,Right
16,-105,1055,Right
-4,-105,1035,Right
-14,-82,1012,Right
-22,-109,1043,Right
-14,-86,1043,Right
12,-62,1035,Right
12,-117,1027,Right
-4,-133,1027,Right
8,-117,1035,Right
-4,-78,1031,Right
-8,-66,1074,Right
-14,-43,1074,Right
-34,-43,1051,Right
-34,-16,1055,Right
-30,-4,1055,Right
-14,4,1047,Right
-11,-43,1035,Right
-11,-39,1039,Right
-8,-51,1039,Right
-8,-59,1047,Right
20,-74,1023,Right
20,-90,1023,Right
12,-86,1020,Right
8,-59,1020,Right
0,-59,1039,Right
4,-70,1031,Right
8,-82,1027,Right
8,-82,1047,Right
4,-86,1023,Right
4,-78,1035,Right
0,-59,1047,Right
0,-59,1027,Right
8,-62,1043,Right
4,-51,1035,Right
8,-82,1035,Right
12,-86,1031,Right
4,-86,1047,Right
-4,-78,1031,Right
-30,-66,1047,Right
-14,-43,1055,Right
-22,-51,1059,Right
-11,-70,1055,Right
-4,-62,1039,Right
-11,-82,1051,Right
-8,-94,1043,Right
-11,-70,1051,Right
-4,-55,1043,Right
-8,-55,1027,Right
4,-51,1031,Right
20,-70,1031,Right
16,-94,1039,Right
-4,-82,1016,Right
28,-70,1043,Right
20,-62,1031,Right
4,-70,1043,Right
16,-62,1035,Right
12,-66,1031,Right
12,-70,1051,Right
16,-66,1027,Right
16,-59,1035,Right
24,-51,1039,Right
24,-74,1055,Right
16,-66,1023,Right
12,-70,1055,Right
12,-55,1027,Right
12,-70,1043,Right
8,-62,1051,Right
16,-59,1047,Right
28,-43,1027,Right
35,-74,1031,Right
31,-82,1047,Right
16,-70,1027,Right
16,-55,1055,Right
35,-12,1047,Right
51,46,1055,Right
71,85,1047,Right
78,-39,1004,Right
90,-180,984,Right
71,-269,984,Right
16,-285,996,Right
-34,-230,1023,Right
-77,-168,1066,Right
-116,-39,1086,Right
-116,30,1090,Right
-104,58,1094,Right
-46,42,1086,Right
8,-23,1039,Right
55,-51,1027,Right
90,-102,1027,Right
90,-117,1008,Right
-14,-70,1047,Right
-11,-66,1039,Right
-11,-47,1055,Right
-18,-35,1051,Right
-22,-66,1059,Right
-11,-86,1043,Right
-8,-94,1043,Right
-8,-98,1031,Right
-8,-82,1027,Right
-8,-82,1039,Right
-8,-66,1031,Right
4,-70,1023,Right
-8,-86,1031,Right
-8,-74,1043,Right
-8,-86,1039,Right
0,-82,1035,Right
-11,-66,1031,Right
-14,-66,1027,Right
-8,-66,1039,Right
-11,-66,1039,Right
-18,-66,1039,Right
8,-66,1051,Right
0,-66,1039,Right
-8,-82,1043,Right
0,-62,1059,Right
39,-59,1055,Right
-4,-35,1055,Right
-8,-23,1043,Right
-8,-12,1047,Right
4,-27,1039,Right
4,-23,1055,Right
12,-12,1039,Right
20,-27,1027,Right
20,16,1047,Right
-4,-19,1039,Right
28,4,1059,Right
31,-12,1047,Right
24,-12,1043,Right
24,-12,1035,Right
35,-27,1035,Right
20,-27,1039,Right
-4,4,1047,Right
0,-12,1055,Right
4,-27,1031,Right
-8,-35,1055,Right
-8,-16,1047,Right
-8,-27,1055,Right
-8,-35,1043,Right
-11,-12,1066,Right
-11,-35,1055,Right
-18,-31,1047,Right
-8,-35,1047,Right
0,-39,1051,Right
12,-12,1047,Right
28,-31,1051,Right
35,-51,1047,Right
20,-43,1039,Right
31,-55,1035,Right
39,-59,1051,Right
51,-39,1066,Right
39,-16,1055,Right
47,16,1031,Right
47,-12,1031,Right
55,-8,1043,Right
47,0,1039,Right
43,16,1059,Right
31,12,1051,Right
24,34,1055,Right
20,30,1059,Right
20,16,1059,Right
8,23,1055,Right
24,26,1063,Right
8,42,1055,Right
8,50,1059,Right
12,73,1063,Right
16,77,1086,Right
47,46,1035,Right
20,26,1047,Right
35,34,1055,Right
47,62,1047,Right
35,73,1039,Right
67,85,1047,Right
39,46,1055,Right
12,81,1051,Right
55,101,1059,Right
67,124,1078,Right
74,132,1063,Right
63,167,1051,Right
51,179,1066,Right
63,198,1059,Right
59,245,1090,Right
86,284,1090,Right
78,308,1082,Right
78,347,1066,Right
67,390,1074,Right
59,413,1070,Right
39,425,1098,Right
55,468,1086,Right
71,499,1098,Right
63,468,1074,Right
98,444,1078,Right
102,437,1070,Right
121,343,1055,Right
98,405,1039,Right
16,366,1055,Right
51,304,1047,Right
20,214,1074,Right
-11,112,1082,Right
-26,69,1098,Right
-53,89,1074,Right
-77,50,1066,Right
-57,58,1063,Right
-61,-4,1070,Right
-93,-94,1043,Right
-116,-180,1059,Right
-85,-223,1039,Right
-69,-332,1016,Right
-14,-449,1023,Right
71,-512,1012,Right
125,-617,1020,Right
184,-707,996,Right
278,-777,981,Right
297,-824,977,Right
270,-836,941,Right
239,-898,918,Right
203,-902,969,Right
196,-894,965,Right
156,-824,1023,Right
121,-738,1023,Right
125,-605,1043,Right
114,-605,1020,Right
-11,-500,981,Right
-8,-434,949,Right
-22,-414,973,Right
-26,-316,984,Right
-42,-277,1035,Right
-14,-246,1008,Right
-50,-281,1016,Right
-73,-277,1027,Right
-38,-332,1031,Right
-22,-398,1035,Right
-18,-453,1043,Right
0,-434,1039,Right
0,-402,1035,Right
-14,-336,1012,Right
-30,-281,1016,Right
-30,-250,1016,Right
-11,-203,1027,Right
-14,-180,1035,Right
-11,-148,1039,Right
-14,-160,1051,Right
-14,-191,1027,Right
35,-289,992,Right
55,-312,1008,Right
43,-332,1035,Right
67,-336,1055,Right
78,-352,1039,Right
78,-352,1051,Right
74,-355,1063,Right
51,-363,1063,Right
51,-328,1063,Right
47,-344,1039,Right
28,-320,1047,Right
28,-348,1035,Right
8,-340,1012,Right
0,-332,1008,Right
-8,-336,984,Right
-14,-340,984,Right
-11,-316,1004,Right
0,-336,996,Right
-4,-316,996,Right
0,-344,1000,Right
-4,-367,992,Right
0,-363,1008,Right
0,-375,984,Right
8,-379,981,Right
-14,-387,988,Right
-30,-379,988,Right
-34,-371,1012,Right
-46,-359,984,Right
-42,-336,992,Right
-61,-324,996,Right
-61,-301,1020,Right
-65,-309,1008,Right
-69,-277,1020,Right
-73,-289,1020,Right
-61,-266,1008,Right
-61,-242,1051,Right
-46,-254,1066,Right
-34,-246,1078,Right
-14,-230,1078,Right
16,-230,1078,Right
4,-199,1063,Right
-11,-203,1047,Right
-14,-191,1020,Right
-65,-184,996,Right
-50,-113,949,Right
-53,-148,973,Right
-34,-172,1070,Right
-14,-141,1082,Right
-30,-105,1090,Right
-65,-105,1078,Right
-100,-62,1059,Right
-96,-62,1047,Right
-73,-62,1020,Right
-53,-66,1027,Right
-34,-47,1047,Right
-42,-31,1078,Right
-46,23,1063,Right
-85,34,1051,Right
-89,26,1023,Right
-100,23,1000,Right
-93,23,988,Right
-46,16,1000,Right
-42,30,1000,Right
-14,50,1000,Right
-8,69,1055,Right
-14,89,1059,Right
-18,77,1047,Right
-42,65,1016,Right
-34,42,988,Right
-30,20,969,Right
-14,23,961,Right
-11,30,965,Right
-4,46,957,Right
8,46,977,Right
8,26,1008,Right
12,30,988,Right
12,42,996,Right
-4,46,1031,Right
-4,58,1031,Right
4,69,1035,Right
0,81,1070,Right
0,69,1031,Right
8,54,1031,Right
12,42,1027,Right
-4,54,1047,Right
-8,65,1055,Right
-8,62,1055,Right
-8,85,1059,Right
12,77,1055,Right
12,54,1070,Right
0,42,1086,Right
-26,54,1082,Right
-50,38,1074,Right
-69,26,1070,Right
-50,12,1063,Right
-38,0,1047,Right
-18,0,1039,Right
-11,12,1043,Right
-42,-12,1066,Right
-50,-19,1098,Right
-57,-39,1129,Right
-18,-94,1129,Right
-26,-133,1148,Right
-30,-129,1129,Right
20,-19,1063,Right
16,-19,1043,Right
20,-23,1055,Right
24,0,1043,Right
31,-8,1035,Right
28,-16,1055,Right
43,-19,1063,Right
39,-23,1066,Right
39,-27,1066,Right
31,-23,1066,Right
20,4,1063,Right
4,23,1059,Right
0,26,1055,Right
4,23,1051,Right
20,34,1063,Right
20,30,1082,Right
31,26,1066,Right
20,30,1078,Right
28,34,1094,Right
31,54,1094,Right
47,73,1102,Right
59,81,1098,Right
55,89,1094,Right
51,93,1086,Right
43,124,1098,Right
43,128,1082,Right
51,155,1082,Right
78,144,1098,Right
55,155,1106,Right
63,179,1102,Right
74,171,1098,Right
51,206,1086,Right
59,214,1086,Right
47,249,1063,Right
28,269,1082,Right
35,276,1090,Right
28,280,1090,Right
39,257,1082,Right
59,241,1094,Right
78,230,1098,Right
63,233,1098,Right
94,214,1117,Right
114,214,1121,Right
114,233,1113,Right
102,276,1129,Right
90,323,1129,Right
82,366,1109,Right
63,382,1094,Right
55,390,1086,Right
90,374,1102,Right
141,335,1145,Right
203,269,1172,Right
242,253,1211,Right
254,269,1219,Right
250,284,1180,Right
211,296,1172,Right
188,276,1145,Right
184,276,1129,Right
239,335,1148,Right
270,366,1172,Right
297,378,1180,Right
352,265,1227,Right
387,218,1266,Right
364,249,1238,Right
340,300,1199,Right
231,386,1164,Right
235,483,1102,Right
223,562,1086,Right
227,601,1078,Right
258,573,1074,Right
399,491,1109,Right
446,343,1184,Right
531,378,1301,Right
668,366,1387,Right
754,433,1461,Right
770,523,1465,Right
715,507,1445,Right
582,569,1398,Right
633,718,1379,Right
680,796,1305,Right
664,757,1188,Right
801,534,1137,Right
973,335,1141,Right
1231,194,1195,Right
1301,159,1238,Right
1340,26,1152,Right
1348,-234,1129,Right
1379,-555,1031,Right
1434,-871,1020,Right
1418,-1090,1039,Right
1317,-1301,1090,Right
1258,-1500,1113,Right
1059,-1652,1141,Right
852,-1723,1090,Right
746,-1859,1059,Right
489,-1762,953,Right
258,-1566,785,Right
51,-1547,691,Right
-14,-1473,633,Right
-81,-1316,625,Right
-132,-1125,652,Right
-147,-973,754,Right
-132,-855,848,Right
-175,-680,875,Right
-210,-566,840,Right
-237,-598,793,Right
-241,-555,762,Right
-253,-484,840,Right
-225,-430,867,Right
-264,-371,856,Right
-264,-363,840,Right
-296,-324,863,Right
-272,-289,906,Right
-284,-184,984,Right
-264,-78,1051,Right
-249,-43,1086,Right
-280,-90,1031,Right
-354,-168,988,Right
-358,-160,977,Right
-323,-160,1004,Right
-292,-141,1055,Right
-257,-82,1098,Right
-257,-70,1082,Right
-261,-78,1059,Right
-268,-59,1047,Right
-245,16,1070,Right
-218,34,1090,Right
-225,81,1145,Right
-218,159,1164,Right
-225,190,1160,Right
-225,179,1145,Right
-237,155,1109,Right
-233,151,1094,Right
-241,249,1094,Right
-257,296,1106,Right
-264,319,1090,Right
-257,308,1066,Right
-245,276,1035,Right
-245,249,1027,Right
-264,245,1004,Right
-261,257,1008,Right
-229,265,1016,Right
-233,304,1047,Right
-221,300,1039,Right
-229,273,1020,Right
-237,222,992,Right
-241,183,1012,Right
-264,159,981,Right
-276,210,981,Right
-253,280,996,Right
-237,308,992,Right
-261,327,977,Right
199,-207,992,Right
184,-191,977,Right
203,-187,977,Right
219,-176,992,Right
231,-164,1008,Right
235,-156,1000,Right
231,-125,1000,Right
231,-94,1000,Right
227,-86,1000,Right
231,-82,996,Right
235,-94,992,Right
246,-90,992,Right
246,-98,988,Right
258,-78,992,Right
293,-78,996,Right
301,-70,992,Right
301,-55,1004,Right
309,-43,1008,Right
297,-47,1016,Right
281,-47,1020,Right
278,-35,1008,Right
274,-35,1008,Right
270,-43,1000,Right
285,-62,981,Right
274,-59,969,Right
270,-78,961,Right
258,-59,977,Right
254,-31,965,Right
254,-19,973,Right
250,-51,977,Right
250,-70,973,Right
250,-78,988,Right
239,-90,969,Right
242,-86,988,Right
250,-102,996,Right
250,-121,1004,Right
250,-137,1035,Right
258,-144,1035,Right
258,-148,1066,Right
278,-168,1090,Right
289,-164,1094,Right
285,-156,1098,Right
301,-156,1109,Right
278,-117,1078,Right
274,-121,1074,Right
250,-90,1078,Right
239,-98,1070,Right
227,-102,1066,Right
231,-105,1055,Right
250,-98,1039,Right
242,-86,1043,Right
270,-78,1035,Right
242,-78,1055,Right
223,-74,1051,Right
235,-74,1035,Right
242,-47,1031,Right
250,-39,1051,Right
250,-47,1063,Right
262,-55,1078,Right
254,-66,1059,Right
246,-94,1059,Right
246,-78,1055,Right
242,-66,1047,Right
231,-39,1051,Right
227,-35,1027,Right
227,-16,1059,Right
223,-16,1055,Right
231,-55,1031,Right
223,-86,1043,Right
227,-70,1039,Right
239,-59,1039,Right
246,-55,1035,Right
239,-47,1012,Right
235,-47,1020,Right
239,-66,1035,Right
254,-55,1031,Right
258,-78,1023,Right
246,-70,1016,Right
262,-86,1027,Right
250,-94,1031,Right
239,-78,1020,Right
239,-74,992,Right
231,-51,984,Right
219,-43,988,Right
227,-55,981,Right
227,-55,1004,Right
239,-82,984,Right
246,-82,984,Right
235,-78,977,Right
246,-94,996,Right
246,-109,977,Right
254,-105,984,Right
239,-121,961,Right
223,-90,973,Right
227,-82,973,Right
203,-90,965,Right
207,-98,988,Right
223,-94,977,Right
215,-109,965,Right
211,-102,984,Right
199,-113,988,Right
199,-125,981,Right
141,-27,1043,Right
164,-31,1031,Right
156,-51,1035,Right
145,-59,1027,Right
141,-62,1023,Right
125,-39,1027,Right
125,-27,1023,Right
137,-47,1027,Right
137,-47,1039,Right
141,-55,1051,Right
145,-47,1051,Right
160,-39,1070,Right
164,-31,1059,Right
145,-23,1063,Right
149,-47,1051,Right
164,-62,1043,Right
184,-66,1043,Right
192,-55,1047,Right
180,-59,1051,Right
164,-51,1031,Right
180,-51,1031,Right
164,-62,1031,Right
164,-59,1039,Right
164,-47,1016,Right
149,-39,1023,Right
137,-31,1008,Right
129,-16,1020,Right
133,-23,1008,Right
129,-43,1000,Right
133,-43,1004,Right
121,-47,1000,Right
141,-23,1016,Right
133,-16,1008,Right
137,-12,1020,Right
129,-16,1016,Right
125,-23,1020,Right
141,0,1031,Right
164,20,1035,Right
172,4,1047,Right
168,-23,1047,Right
164,-47,1051,Right
156,-27,1035,Right
149,-16,1039,Right
145,-16,1055,Right
156,-27,1035,Right
196,-16,1039,Right
219,-23,1074,Right
219,-35,1059,Right
215,-43,1066,Right
196,-39,1055,Right
184,-39,1059,Right
176,-35,1043,Right
168,-27,1039,Right
188,-12,1047,Right
176,-8,1043,Right
172,23,1063,Right
192,38,1070,Right
168,46,1063,Right
156,38,1078,Right
137,50,1066,Right
137,38,1066,Right
137,50,1086,Right
149,42,1090,Right
160,42,1086,Right
192,38,1094,Right
207,26,1102,Right
215,26,1113,Right
211,30,1094,Right
203,4,1102,Right
172,42,1090,Right
188,30,1113,Right
188,26,1086,Right
184,4,1098,Right
223,-4,1098,Right
246,26,1094,Right
242,54,1102,Right
219,73,1082,Right
199,77,1074,Right
239,46,1074,Right
235,30,1094,Right
242,34,1070,Right
254,50,1098,Right
262,54,1086,Right
266,81,1039,Right
242,97,1027,Right
215,120,1051,Right
235,58,1051,Right
242,38,1082,Right
239,62,1031,Right
270,112,1023,Right
281,136,1039,Right
278,124,1039,Right
270,151,1031,Right
250,167,1027,Right
235,140,1008,Right
219,108,1023,Right
223,124,1016,Right
289,159,1004,Right
340,233,1016,Right
367,167,1051,Right
344,136,1082,Right
336,50,1094,Right
332,38,1066,Right
356,50,1063,Right
356,46,1027,Right
379,89,1039,Right
422,206,1063,Right
430,280,1094,Right
399,323,1066,Right
352,233,1086,Right
348,171,1063,Right
387,97,1102,Right
414,101,1102,Right
414,73,1051,Right
410,198,1082,Right
465,347,1141,Right
492,343,1152,Right
422,210,1156,Right
379,93,1152,Right
367,128,1168,Right
442,210,1191,Right
418,183,1281,Right
469,206,1266,Right
406,218,1316,Right
508,331,1285,Right
430,374,1246,Right
344,398,1172,Right
285,499,1129,Right
367,601,1051,Right
438,612,1074,Right
567,593,1078,Right
610,452,1102,Right
696,304,1086,Right
711,370,1117,Right
836,472,1164,Right
926,644,1242,Right
1031,628,1270,Right
1188,534,1227,Right
1336,440,1328,Right
1578,288,1406,Right
1688,222,1578,Right
1899,300,1688,Right
1817,237,1652,Right
1910,159,1590,Right
1864,-160,1469,Right
1848,-480,1309,Right
1696,-539,1305,Right
1551,-789,1254,Right
1317,-898,1180,Right
1203,-824,1094,Right
961,-859,1063,Right
899,-898,1035,Right
649,-957,1074,Right
250,-359,1027,Right
254,-355,1012,Right
250,-355,1016,Right
250,-363,1008,Right
250,-371,988,Right
246,-363,992,Right
231,-363,988,Right
242,-383,973,Right
239,-371,969,Right
242,-383,977,Right
231,-383,984,Right
235,-383,973,Right
239,-391,961,Right
242,-383,949,Right
239,-371,973,Right
242,-375,977,Right
246,-375,973,Right
250,-387,973,Right
262,-387,965,Right
254,-406,984,Right
266,-418,977,Right
270,-418,981,Right
270,-418,977,Right
258,-406,961,Right
266,-394,957,Right
278,-406,961,Right
262,-402,934,Right
262,-418,930,Right
270,-434,910,Right
258,-434,898,Right
250,-426,895,Right
246,-434,883,Right
239,-426,871,Right
215,-441,879,Right
196,-441,863,Right
168,-457,871,Right
176,-461,871,Right
188,-449,898,Right
176,-441,891,Right
180,-437,906,Right
184,-426,918,Right
192,-414,918,Right
192,-422,930,Right
188,-426,934,Right
184,-422,961,Right
184,-414,961,Right
184,-402,953,Right
192,-391,977,Right
199,-402,1000,Right
196,-406,988,Right
211,-394,996,Right
227,-406,1016,Right
227,-406,1016,Right
231,-410,1016,Right
242,-394,1035,Right
235,-383,1031,Right
242,-367,1035,Right
235,-340,1035,Right
235,-336,1039,Right
239,-320,1020,Right
231,-309,1016,Right
227,-309,1000,Right
223,-305,1008,Right
219,-301,992,Right
231,-293,984,Right
227,-273,988,Right
235,-258,996,Right
227,-246,981,Right
227,-234,965,Right
231,-230,965,Right
219,-219,949,Right
207,-215,941,Right
192,-230,926,Right
180,-242,918,Right
156,-250,914,Right
145,-285,938,Right
117,-293,930,Right
102,-316,945,Right
86,-320,953,Right
90,-301,957,Right
94,-293,992,Right
74,-273,1000,Right
51,-289,992,Right
28,-312,984,Right
12,-344,973,Right
-8,-367,981,Right
-34,-402,973,Right
-26,-426,988,Right
-18,-430,988,Right
-18,-422,984,Right
-8,-445,992,Right
-22,-457,996,Right
-18,-473,996,Right
-8,-488,1020,Right
8,-504,1027,Right
16,-519,1043,Right
20,-551,1043,Right
16,-551,1039,Right
39,-547,1035,Right
47,-539,1023,Right
51,-512,1020,Right
250,-51,1055,Right
242,-51,1043,Right
242,-35,1047,Right
246,-12,1035,Right
254,4,1031,Right
262,12,1039,Right
274,30,1027,Right
285,46,1043,Right
305,62,1039,Right
297,85,1031,Right
324,101,1043,Right
324,132,1043,Right
348,144,1043,Right
336,187,1039,Right
328,218,1051,Right
344,233,1047,Right
336,249,1055,Right
344,249,1031,Right
367,241,1047,Right
364,233,1039,Right
379,206,1043,Right
379,202,1031,Right
383,198,1023,Right
364,214,1008,Right
340,230,984,Right
317,233,992,Right
305,210,996,Right
305,198,984,Right
285,202,992,Right
258,190,988,Right
258,187,992,Right
297,120,977,Right
301,105,1012,Right
293,62,1016,Right
266,58,1008,Right
250,54,1000,Right
239,62,1000,Right
246,65,981,Right
262,77,984,Right
293,65,1023,Right
293,16,1008,Right
297,-51,1012,Right
254,-66,1004,Right
246,-109,1000,Right
242,-156,977,Right
235,-187,969,Right
235,-219,961,Right
246,-230,941,Right
242,-227,941,Right
246,-234,945,Right
258,-242,957,Right
278,-238,969,Right
274,-250,969,Right
266,-254,953,Right
246,-238,922,Right
239,-230,938,Right
242,-219,941,Right
227,-180,934,Right
219,-129,945,Right
239,-74,953,Right
231,-31,938,Right
250,-35,949,Right
281,-31,969,Right
305,-55,1000,Right
328,-78,1016,Right
379,-113,1023,Right
426,-180,1035,Right
469,-195,1082,Right
481,-187,1070,Right
492,-156,1070,Right
492,-90,1066,Right
508,-98,1090,Right
492,-4,1090,Right
512,42,1094,Right
559,101,1129,Right
563,194,1172,Right
633,273,1191,Right
692,269,1238,Right
692,405,1316,Right
746,409,1340,Right
821,401,1356,Right
809,460,1379,Right
860,538,1402,Right
910,765,1469,Right
973,944,1500,Right
1082,1140,1504,Right
1188,1120,1496,Right
1278,1030,1461,Right
1446,815,1434,Right
1535,644,1383,Right
1656,636,1324,Right
1778,620,1305,Right
1946,444,1273,Right
1985,206,1281,Right
1985,-19,1285,Right
1985,-223,1301,Right
1985,-371,1328,Right
1985,-391,1293,Right
1981,-426,1184,Right
1864,-477,1090,Right
1672,-609,1031,Right
1473,-730,969,Right
1317,-758,941,Right
1180,-769,910,Right
1031,-781,867,Right
934,-922,859,Right
840,-930,824,Right
656,-996,785,Right
469,-1043,785,Right
332,-1019,844,Right
246,-1000,973,Right
231,-977,1055,Right
203,-918,1113,Right
172,-867,1145,Right
149,-816,1145,Right
133,-793,1117,Right
98,-754,1090,Right
59,-742,1020,Right
12,-641,934,Right
-96,-590,856,Right
-214,-566,813,Right
-233,-535,781,Right
-241,-492,789,Right
-237,-461,813,Right
-206,-441,832,Right
-186,-488,840,Right
-182,-480,848,Right
-171,-480,852,Right
-143,-449,875,Right
-147,-352,867,Right
-190,-383,887,Right
-206,-445,895,Right
-241,-469,902,Right
-268,-488,914,Right
-276,-496,926,Right
-284,-434,926,Right
-268,-375,941,Right
-237,-285,945,Right
-237,-281,969,Right
-253,-230,949,Right
-245,-199,961,Right
-218,-141,1000,Right
-198,-4,1023,Right
-221,97,1035,Right
-264,183,1020,Right
-300,183,992,Right
-307,136,1012,Right
-311,128,1012,Right
-331,128,1023,Right
-315,108,1059,Right
-300,116,1055,Right
-280,155,1066,Right
-280,171,1090,Right
-261,183,1078,Right
-257,210,1086,Right
