408023.0,256860.0,631670.0,2636.9003824,46.5612526017,78.1765743028,72.0984169242,118.429749587,29.3486316826,2.032391185,29.3486316826,118.429749587,72.0984169242,78.1765743028,46.5612526017,2194.24614871,81.7618500169,13.6583144751,36.4901372586,46.7670502014,39.589503009,47.1243820289,39.589503009,46.7670502014,36.4901372586,13.6583144751,81.7618500169,3109.74808201,231.69148736,223.347026615,176.942060092,271.536512505,210.801233061,152.825354673,210.801233061,271.536512505,176.942060092,223.347026615,231.69148736,PushLeft
498885.0,241524.0,298036.0,2851.31250786,147.391856749,60.3557711476,90.3179076109,23.7852398244,93.5536347611,46.8001750525,93.5536347611,23.7852398244,90.3179076109,60.3557711476,147.391856749,2136.99444272,82.8612047619,83.2774126199,77.9547730204,51.447202001,56.2580193632,0.990037202663,56.2580193632,51.447202001,77.9547730204,83.2774126199,82.8612047619,2092.46217556,309.701054419,131.929129823,162.588687035,104.123013576,18.6487278825,27.5792946684,18.6487278825,104.123013576,162.588687035,131.929129823,309.701054419,PushLeft
468392.0,249031.0,334486.0,2974.82601084,96.1335357549,43.3165844458,70.992975274,36.7906301743,33.6080412121,23.4734871063,33.6080412121,36.7906301743,70.992975274,43.3165844458,96.1335357549,2034.81435511,73.8013641707,13.1296635258,46.6513865423,38.5948036742,32.2057305494,24.3874108296,32.2057305494,38.5948036742,46.6513865423,13.1296635258,73.8013641707,2164.52746223,187.554049345,150.639546111,196.464961713,30.4369314974,110.396733228,14.6251161276,110.396733228,30.4369314974,196.464961713,150.639546111,187.554049345,PushLeft
518184.0,201928.0,113400.0,2983.03601516,48.2295800181,20.3744156609,20.7456460944,34.4394502381,34.8980264325,33.4332568371,34.8980264325,34.4394502381,20.7456460944,20.3744156609,48.2295800181,2004.1896533,152.583782582,76.6621757267,24.8395397259,13.4591556359,31.8785260114,24.4512704382,31.8785260114,13.4591556359,24.8395397259,76.6621757267,152.583782582,1375.85264688,253.792070862,132.637444735,66.3652536328,40.4533944068,61.7181902963,12.143853618,61.7181902963,40.4533944068,66.3652536328,132.637444735,253.792070862,PushLeft
429728.0,235323.0,277425.0,2853.36231178,68.6773445831,98.6592469663,62.4945585217,25.7039420483,50.1289560386,26.6473962028,50.1289560386,25.7039420483,62.4945585217,98.6592469663,68.6773445831,1889.02388636,202.348125983,54.2818206887,52.7539313881,29.4074238839,21.4606262458,25.4523056006,21.4606262458,29.4074238839,52.7539313881,54.2818206887,202.348125983,1920.40323779,88.0208789254,312.662344259,130.517187,102.379728384,148.795644369,37.1910624477,148.795644369,102.379728384,130.517187,312.662344259,88.0208789254,PushLeft
381232.0,286720.0,390825.0,2729.73045411,142.159206578,43.8834600059,14.5376706412,28.1679736877,26.6308682277,19.6864326074,26.6308682277,28.1679736877,14.5376706412,43.8834600059,142.159206578,2201.76627431,72.4802889345,30.9248261946,61.0149359962,39.2748746719,13.305498337,17.6376710524,13.305498337,39.2748746719,61.0149359962,30.9248261946,72.4802889345,2490.21205546,216.982958035,147.463206637,63.8475141819,32.7485304012,44.2124770042,105.702100089,44.2124770042,32.7485304012,63.8475141819,147.463206637,216.982958035,PushLeft
503403.0,239917.0,298036.0,2995.47525669,96.998596252,52.4404605759,8.05559631987,19.793279626,25.5133065358,31.118147263,25.5133065358,19.793279626,8.05559631987,52.4404605759,96.998596252,2061.26554378,74.9802958145,40.1336127631,46.5885225311,19.900972453,26.9668790252,31.2765558938,26.9668790252,19.900972453,46.5885225311,40.1336127631,74.9802958145,1945.0750665,161.535648459,112.980705624,93.2242130801,44.6855816516,64.4165933492,61.7687521877,64.4165933492,44.6855816516,93.2242130801,112.980705624,161.535648459,PushLeft
461630.0,227341.0,297675.0,2793.95294999,132.247960739,68.6354195946,51.0751184461,53.0095162781,51.8336451306,49.7830512862,51.8336451306,53.0095162781,51.0751184461,68.6354195946,132.247960739,1997.84774876,34.8018450117,81.6431595,36.1100757208,36.5734114601,39.8173401231,8.92138272515,39.8173401231,36.5734114601,36.1100757208,81.6431595,34.8018450117,1937.99333113,181.38027015,160.925143124,131.969344759,52.7407352731,139.549922615,3.12139930677,139.549922615,52.7407352731,131.969344759,160.925143124,181.38027015,PushLeft
447476.0,270754.0,608673.0,2936.76521491,223.708648184,182.497588755,90.5254171159,74.9066959053,27.8901684683,81.7627355565,27.8901684683,74.9066959053,90.5254171159,182.497588755,223.708648184,2035.88470097,189.779553868,146.666192609,116.89330556,49.5074024553,44.5600371267,62.5516400104,44.5600371267,49.5074024553,116.89330556,146.666192609,189.779553868,2695.90392719,122.938222203,549.976516949,251.670294108,325.471350412,71.2259313551,96.1813720959,71.2259313551,325.471350412,251.670294108,549.976516949,122.938222203,PushLeft
449269.0,326215.0,447976.0,2547.92403575,397.968913699,81.5333920979,69.0491096753,69.2434090299,18.3155754956,8.79100722676,18.3155754956,69.2434090299,69.0491096753,81.5333920979,397.968913699,2285.2895007,161.253978717,26.2377638879,32.5920220439,20.1770335611,10.1149305972,10.2324096628,10.1149305972,20.1770335611,32.5920220439,26.2377638879,161.253978717,2827.838207,383.40694393,629.763969358,170.190808917,330.508731214,72.098706487,273.165883791,72.098706487,330.508731214,170.190808917,629.763969358,383.40694393,PushLeft
468919.0,143579.0,238950.0,2895.49260954,42.0110111205,39.4105361646,25.2127214915,36.0933711637,82.4673287737,30.3667060128,82.4673287737,36.0933711637,25.2127214915,39.4105361646,42.0110111205,1565.2368297,197.172216333,83.2518780903,35.4444262238,13.4390716866,43.3555987686,3.34433839065,43.3555987686,13.4390716866,35.4444262238,83.2518780903,197.172216333,1583.74779944,446.532982482,100.584666125,140.393941889,204.457828518,84.4112902077,3.92733267632,84.4112902077,204.457828518,140.393941889,100.584666125,446.532982482,PushLeft
543509.0,154093.0,424669.0,3054.70276914,297.837261977,214.260367536,167.08748643,114.100430758,10.5598128858,50.5331994898,10.5598128858,114.100430758,167.08748643,214.260367536,297.837261977,1484.54415003,112.625147681,134.85226418,177.828412528,67.3077457362,31.2000222449,44.8758944313,31.2000222449,67.3077457362,177.828412528,134.85226418,112.625147681,1823.80077413,673.891639564,355.114598022,370.777186013,279.674454218,108.976445267,19.7236687455,108.976445267,279.674454218,370.777186013,355.114598022,673.891639564,PushLeft
216289.0,75634.0,184275.0,1966.22222682,229.56266567,214.69799347,304.052348247,92.1066320436,57.1800630292,41.0828958213,57.1800630292,92.1066320436,304.052348247,214.69799347,229.56266567,1113.23950498,127.512499435,87.767103015,59.4570637995,41.2832260061,26.6837687523,22.0281251563,26.6837687523,41.2832260061,59.4570637995,87.767103015,127.512499435,1518.48435214,147.696816044,251.960383426,229.631333368,224.508748142,171.603655827,107.285572027,171.603655827,224.508748142,229.631333368,251.960383426,147.696816044,PushLeft
1744557.0,32356372.0,1933411.0,568.87102034,2349.15059374,1348.17346603,1440.11817389,1103.1230642,594.840827939,467.691031691,594.840827939,1103.1230642,1440.11817389,1348.17346603,2349.15059374,16923.3859087,6225.14966261,4014.87882845,2021.11305075,2189.07274093,1962.83247141,552.935227508,1962.83247141,2189.07274093,2021.11305075,4014.87882845,6225.14966261,288.186239485,3372.30282214,1241.01749938,521.750143333,809.426931342,426.377282924,379.678911153,426.377282924,809.426931342,521.750143333,1241.01749938,3372.30282214,PushRight
489123.0,281641.0,433711.0,2695.09578038,85.5158236458,26.470458654,263.069059825,76.0535805624,329.912749324,485.776867671,329.912749324,76.0535805624,263.069059825,26.470458654,85.5158236458,2290.06324407,174.160334517,100.415529018,87.474960976,44.1400372429,111.547897892,160.600494154,111.547897892,44.1400372429,87.474960976,100.415529018,174.160334517,1976.69012418,334.440406541,347.940106041,297.571091299,146.899898752,398.002535296,18.838918794,398.002535296,146.899898752,297.571091299,347.940106041,334.440406541,PushRight
295322.0,289424.0,1479041.0,2400.79002799,270.537005507,127.077911775,53.4648921878,39.3896694809,47.2429317109,27.3438591008,47.2429317109,39.3896694809,53.4648921878,127.077911775,270.537005507,2119.75868455,222.928808327,90.8448351956,72.4553222588,108.629664996,63.677713323,57.4420716481,63.677713323,108.629664996,72.4553222588,90.8448351956,222.928808327,4272.53243918,516.333112194,187.516710015,316.386310978,636.410795559,301.426986558,121.115435455,301.426986558,636.410795559,316.386310978,187.516710015,516.333112194,PushRight
479125.0,301648.0,761101.0,2596.84315446,383.89854034,32.6485521869,224.543729271,124.899402725,44.0771612362,118.964232057,44.0771612362,124.899402725,224.543729271,32.6485521869,383.89854034,2241.20529939,257.186673577,239.080935783,250.504100037,70.2371333517,36.9814739386,134.807985867,36.9814739386,70.2371333517,250.504100037,239.080935783,257.186673577,3776.54489169,1178.17985294,185.426655857,368.875285799,150.846945482,245.821724033,124.613840505,245.821724033,150.846945482,368.875285799,185.426655857,1178.17985294,PushRight
483662.0,199858.0,433350.0,2808.44722094,185.764255054,108.395458934,76.3641112366,232.561463419,115.143187518,38.0672898728,115.143187518,232.561463419,76.3641112366,108.395458934,185.764255054,1847.58718768,77.7931948433,63.1212283618,36.3430336407,102.184185052,30.7094166254,105.514093166,30.7094166254,102.184185052,36.3430336407,63.1212283618,77.7931948433,2809.85116577,403.415444892,333.278463203,353.045950816,109.216595971,75.4500561639,80.0145423324,75.4500561639,109.216595971,353.045950816,333.278463203,403.415444892,PushRight
452528.0,271585.0,389612.0,2904.56949491,233.39035781,69.5058690506,159.433393431,76.7253992016,54.9842311646,61.3490823157,54.9842311646,76.7253992016,159.433393431,69.5058690506,233.39035781,2084.50778035,180.774382766,79.0115622723,108.747334619,43.803504866,46.9856707102,22.4565379122,46.9856707102,43.803504866,108.747334619,79.0115622723,180.774382766,2099.46754183,491.660419327,226.611382525,401.743650009,221.88078553,249.656289954,206.750539872,249.656289954,221.88078553,401.743650009,226.611382525,491.660419327,PushRight
586867.0,177559.0,635991.0,3276.47844028,141.538857443,25.6263457608,138.957469052,98.7161437755,46.4507185575,40.3459002013,46.4507185575,98.7161437755,138.957469052,25.6263457608,141.538857443,1654.81471207,114.924385809,55.8941064345,122.064694452,73.3707199654,54.4927033589,88.3115088801,54.4927033589,73.3707199654,122.064694452,55.8941064345,114.924385809,3384.071497,453.977635178,407.710638778,394.287080287,271.550285776,145.049027122,21.1687199786,145.049027122,271.550285776,394.287080287,407.710638778,453.977635178,PushRight
423885.0,269222.0,518761.0,2768.73731203,84.7698677258,74.7733830335,48.2230747215,54.0441980589,88.269569647,65.0003329278,88.269569647,54.0441980589,48.2230747215,74.7733830335,84.7698677258,2075.26090268,136.439472614,70.4448587381,72.0904704518,63.3129275911,84.7859685062,63.1246533291,84.7859685062,63.3129275911,72.0904704518,70.4448587381,136.439472614,3279.37921753,592.602253443,300.429748442,197.718094299,55.0451676798,292.025280527,94.0132767051,292.025280527,55.0451676798,197.718094299,300.429748442,592.602253443,PushRight
468443.0,264564.0,454322.0,2992.1916556,113.694558728,157.529042392,40.1802344928,60.5393168832,94.2397638102,114.032422115,94.2397638102,60.5393168832,40.1802344928,157.529042392,113.694558728,1883.44639634,274.836724174,209.03666943,72.2320819216,116.575780032,126.119530582,14.3017022438,126.119530582,116.575780032,72.2320819216,209.03666943,274.836724174,2561.83876435,160.511898023,85.2527515101,85.4327413132,78.3295215783,123.63091158,79.472652394,123.63091158,78.3295215783,85.4327413132,85.2527515101,160.511898023,PushRight
428738.0,300530.0,249436.0,2730.26322719,174.297705198,41.492696713,98.2097058267,115.794311236,124.777427878,24.3940388622,124.777427878,115.794311236,98.2097058267,41.492696713,174.297705198,2183.94670854,131.82052774,105.582318587,77.5669149397,114.771581994,44.4178223536,36.8106297987,44.4178223536,114.771581994,77.5669149397,105.582318587,131.82052774,1551.46952581,32.7151085464,312.858631377,310.03029466,64.8357493491,208.638771771,90.4437907965,208.638771771,64.8357493491,310.03029466,312.858631377,32.7151085464,PushRight
719203.0,174492.0,532084.0,3578.31385357,278.157787485,173.689090492,235.416333169,133.511769932,144.906129514,48.4967657882,144.906129514,133.511769932,235.416333169,173.689090492,278.157787485,1629.55069535,238.395165356,182.085276285,218.626416719,71.0582391506,50.0478654699,78.8149046375,50.0478654699,71.0582391506,218.626416719,182.085276285,238.395165356,2505.19927584,362.883003635,185.592355255,306.319825576,83.4622166355,93.9789320903,66.9380298977,93.9789320903,83.4622166355,306.319825576,185.592355255,362.883003635,PushRight
526917.0,273580.0,595711.0,3146.74623445,268.761378867,250.911912341,112.902295213,272.069124692,53.2512538183,146.186363381,53.2512538183,272.069124692,112.902295213,250.911912341,268.761378867,1782.47369976,401.378645098,101.013953425,92.9213122372,168.027721131,141.927260236,59.6733397601,141.927260236,168.027721131,92.9213122372,101.013953425,401.378645098,3178.44727652,277.701915915,223.510620792,258.650364561,213.326821723,207.25612986,100.005584794,207.25612986,213.326821723,258.650364561,223.510620792,277.701915915,PushRight
508804.0,216547.0,730805.0,3053.54951793,317.61727678,93.677289648,123.943712357,47.5855652403,119.447467472,39.2833583968,119.447467472,47.5855652403,123.943712357,93.677289648,317.61727678,1727.21986993,253.018156764,134.662464646,76.2256868556,23.3476896025,101.189975696,82.9152136199,101.189975696,23.3476896025,76.2256868556,134.662464646,253.018156764,3238.01138041,269.606893266,174.77524174,289.397420057,219.148344251,245.155642868,123.172670572,245.155642868,219.148344251,289.397420057,174.77524174,269.606893266,PushRight
283486.0,319253.0,552825.0,2014.37912841,259.961241016,75.1258474574,77.2605199561,90.0125637262,52.9704542011,83.2989888979,52.9704542011,90.0125637262,77.2605199561,75.1258474574,259.961241016,2424.22621426,93.6412790473,58.6039435948,88.819176343,85.589453599,75.165258068,60.9083525106,75.165258068,85.589453599,88.819176343,58.6039435948,93.6412790473,3335.75368554,305.852441551,90.8537880729,41.1655448389,52.9162751267,11.840004035,22.3507989959,11.840004035,52.9162751267,41.1655448389,90.8537880729,305.852441551,PushRight
399377.0,301169.0,518721.0,2575.3792193,128.629624437,62.5623154247,59.7579769662,115.513384036,99.8127425397,0.50034187452,99.8127425397,115.513384036,59.7579769662,62.5623154247,128.629624437,2338.17046495,174.552360817,61.6465418877,103.058707597,67.8373687237,65.9841087583,54.7437548127,65.9841087583,67.8373687237,103.058707597,61.6465418877,174.552360817,2347.85359646,410.398561158,414.700296764,116.036438456,214.798880893,202.321682533,143.294104161,202.321682533,214.798880893,116.036438456,414.700296764,410.398561158,PushRight
467639.0,279130.0,573035.0,2889.47660097,257.488178159,163.395546224,278.921597226,213.407535245,106.392616808,161.392572581,106.392616808,213.407535245,278.921597226,163.395546224,257.488178159,2039.39148933,194.041193974,112.334661746,208.188815307,74.8166694172,48.050473212,124.802560734,48.050473212,74.8166694172,208.188815307,112.334661746,194.041193974,2292.21186735,130.398059211,369.310001732,124.414511651,243.818793286,120.458661745,154.129841268,120.458661745,243.818793286,124.414511651,369.310001732,130.398059211,PushRight
617358.0,254564.0,688280.0,3622.85559049,615.412695964,291.100144285,407.826933445,395.181106317,327.004990766,150.602007524,327.004990766,395.181106317,407.826933445,291.100144285,615.412695964,1548.56454952,418.959472119,282.912293304,295.354220573,408.995909928,181.023833726,13.1331659604,181.023833726,408.995909928,295.354220573,282.912293304,418.959472119,3264.19476489,238.207234391,273.839343522,416.23523169,123.900761566,208.00810063,2.37078038312,208.00810063,123.900761566,416.23523169,273.839343522,238.207234391,PushRight
6745885.0,11897400.0,7481601.0,12911.3566707,9036.12840525,4882.58022295,1185.58656505,2617.13074534,1649.78290418,1075.16482371,1649.78290418,2617.13074534,1185.58656505,4882.58022295,9036.12840525,9309.09195603,13282.8196376,4345.76674484,2027.42528843,2779.65687315,1516.46518339,1082.4691705,1516.46518339,2779.65687315,2027.42528843,4345.76674484,13282.8196376,11016.7264031,1629.05800431,430.151263589,810.221917258,903.184777849,581.566284093,855.206632903,581.566284093,903.184777849,810.221917258,430.151263589,1629.05800431,PushForwards
400120.0,279522.0,353072.0,2566.4274891,116.676087833,64.5723436639,51.3561643718,81.499294784,42.6113928074,45.9299404306,42.6113928074,81.499294784,51.3561643718,64.5723436639,116.676087833,2023.05439857,310.046269035,163.279928327,27.343706114,52.5856224984,111.094676254,88.9223886675,111.094676254,52.5856224984,27.343706114,163.279928327,310.046269035,1940.40998139,238.016268536,86.7047155077,138.070959214,182.462086911,18.1814739014,112.558438836,18.1814739014,182.462086911,138.070959214,86.7047155077,238.016268536,PushForwards
429128.0,286407.0,332461.0,2666.00083973,128.9887324,92.983999043,53.4364294497,80.7754992158,63.8131203865,48.2579702953,63.8131203865,80.7754992158,53.4364294497,92.983999043,128.9887324,2270.17055964,162.654813821,45.1613129771,66.3317297526,59.6497696956,60.6099325838,27.5889774495,60.6099325838,59.6497696956,66.3317297526,45.1613129771,162.654813821,1941.28111477,343.731649112,43.194114737,161.159672431,61.8053710883,2.32116600884,198.489922868,2.32116600884,61.8053710883,161.159672431,43.194114737,343.731649112,PushForwards
485571.0,289365.0,445951.0,2794.89562605,109.048586569,157.889354847,116.251763192,36.192152907,42.5674019088,4.01564493972,42.5674019088,36.192152907,116.251763192,157.889354847,109.048586569,2161.90487764,62.4465154566,187.804440324,88.6758819197,2.54263987328,21.2876542995,54.9393123058,21.2876542995,2.54263987328,88.6758819197,187.804440324,62.4465154566,2236.14847335,241.515888586,266.622317848,283.550913718,175.964052722,174.745356215,304.811663368,174.745356215,175.964052722,283.550913718,266.622317848,241.515888586,PushForwards
331663.0,236651.0,500626.0,2422.54181751,123.423937562,95.1355145689,85.8565356185,66.7239431644,101.85707101,2.54729332354,101.85707101,66.7239431644,85.8565356185,95.1355145689,123.423937562,1996.98276323,94.3090071944,98.1086537574,12.7153534724,38.5528161009,58.0908783108,12.3338927624,58.0908783108,38.5528161009,12.7153534724,98.1086537574,94.3090071944,2977.62634399,296.247992365,298.219776478,60.5041410518,28.8481376865,151.125539883,4.95513568751,151.125539883,28.8481376865,60.5041410518,298.219776478,296.247992365,PushForwards
413492.0,258943.0,410494.0,2623.39744649,73.315861024,44.6121453646,61.2972076463,103.899010886,77.0357034077,37.223429759,77.0357034077,103.899010886,61.2972076463,44.6121453646,73.315861024,2051.67385914,80.5267131526,29.0607263041,35.6312399087,38.0479408521,48.736332009,58.9078132971,48.736332009,38.0479408521,35.6312399087,29.0607263041,80.5267131526,1759.39551851,368.542435666,268.757431894,115.640816674,64.8741552182,305.22009487,284.042079887,305.22009487,64.8741552182,115.640816674,268.757431894,368.542435666,PushForwards
481698.0,232766.0,276122.0,2936.28589503,108.540050835,82.3165489747,97.6586992413,37.4517079726,123.818442388,53.442154884,123.818442388,37.4517079726,97.6586992413,82.3165489747,108.540050835,1945.20152803,140.516604145,63.7781015129,84.9625665645,106.307047763,101.866161824,3.97458888661,101.866161824,106.307047763,84.9625665645,63.7781015129,140.516604145,1628.41988407,177.76158793,155.358438946,34.0395385528,39.3033975576,154.454657499,121.104532613,154.454657499,39.3033975576,34.0395385528,155.358438946,177.76158793,PushForwards
592654.0,161376.0,753130.0,3193.11822193,53.1425896722,6.24960269312,37.4189873581,73.472268574,42.936440923,38.1861861412,42.936440923,73.472268574,37.4189873581,6.24960269312,53.1425896722,1600.93762133,62.2874411519,29.2867993877,40.948637197,51.8323370888,1.6938451343,0.463476925321,1.6938451343,51.8323370888,40.948637197,29.2867993877,62.2874411519,2645.68157733,778.172358709,363.287983451,218.201935094,228.288677227,260.51124169,179.591764258,260.51124169,228.288677227,218.201935094,363.287983451,778.172358709,PushForwards
453800.0,277423.0,407386.0,2890.8674051,108.557383157,102.038290377,90.4666863404,36.8414699076,25.6544683422,53.1735044358,25.6544683422,36.8414699076,90.4666863404,102.038290377,108.557383157,2024.48181417,175.364765721,186.831686934,85.4461064277,54.4477577743,56.8925965198,2.34360192329,56.8925965198,54.4477577743,85.4461064277,186.831686934,175.364765721,2246.17970701,283.18945691,195.07754486,299.663483092,210.493798583,242.746644051,167.291935182,242.746644051,210.493798583,299.663483092,195.07754486,283.18945691,PushForwards
472349.0,230061.0,257175.0,2840.53885607,75.461321264,67.2436281432,32.8793483697,61.8554700455,26.2670706549,61.2621746063,26.2670706549,61.8554700455,32.8793483697,67.2436281432,75.461321264,2077.54402111,84.4076604394,29.2654487632,51.3120720089,56.9289704861,42.8297009761,50.8314827174,42.8297009761,56.9289704861,51.3120720089,29.2654487632,84.4076604394,1665.36060563,132.094306748,192.891130244,127.690279861,99.4788414705,96.8152538686,116.52052938,96.8152538686,99.4788414705,127.690279861,192.891130244,132.094306748,PushForwards
465079.0,258146.0,557597.0,2892.21786688,31.3393280655,83.280465336,84.1105711712,114.861783815,9.97141546578,60.7197010234,9.97141546578,114.861783815,84.1105711712,83.280465336,31.3393280655,2106.05461957,107.04331553,141.987934699,39.2353886866,71.2106614802,46.0322612923,43.9585072239,46.0322612923,71.2106614802,39.2353886866,141.987934699,107.04331553,2725.07625609,260.027719662,64.021552707,156.643946267,103.07021998,107.849153581,174.343244592,107.849153581,103.07021998,156.643946267,64.021552707,260.027719662,PushForwards
392108.0,322569.0,574609.0,2577.53825545,128.932219865,194.825080592,77.2511858249,35.4494811866,21.7325667547,42.8568954923,21.7325667547,35.4494811866,77.2511858249,194.825080592,128.932219865,2424.50114165,161.46008334,99.2952362036,46.5294754707,33.5335140184,60.1592102913,45.7834035548,60.1592102913,33.5335140184,46.5294754707,99.2952362036,161.46008334,2597.82864847,313.973003553,144.996511595,92.0686012818,52.4750077628,211.350522581,31.7629013111,211.350522581,52.4750077628,92.0686012818,144.996511595,313.973003553,PushForwards
388879.0,279932.0,478261.0,2578.05814542,35.2178690358,57.6021090757,61.5002981515,54.294074432,22.4661659668,0.0392308440753,22.4661659668,54.294074432,61.5002981515,57.6021090757,35.2178690358,2155.52554809,109.192260235,93.7011049254,44.2368858919,31.1700241304,29.6752937084,5.17814190729,29.6752937084,31.1700241304,44.2368858919,93.7011049254,109.192260235,2699.85266596,415.473862394,193.805273313,203.445246577,130.883119846,22.0940466497,83.9320485477,22.0940466497,130.883119846,203.445246577,193.805273313,415.473862394,PushBackwards
432009.0,512934.0,446312.0,2767.45159223,208.820851689,173.675356623,94.0163134994,21.5698594569,23.11359426,19.1789662826,23.11359426,21.5698594569,94.0163134994,173.675356623,208.820851689,2738.34959324,339.730565429,119.536874436,56.7802397827,15.2353306796,47.5226102723,37.1721824642,47.5226102723,15.2353306796,56.7802397827,119.536874436,339.730565429,2661.31993182,530.107579529,161.408413869,110.127080047,252.561242212,163.851846287,40.5832500445,163.851846287,252.561242212,110.127080047,161.408413869,530.107579529,PushBackwards
419727.0,329238.0,431776.0,2872.38537295,176.73420719,66.7866888767,97.0842537139,189.473317749,99.7366051733,63.7133820968,99.7366051733,189.473317749,97.0842537139,66.7866888767,176.73420719,2286.13121436,39.5527592042,113.784663044,92.076221473,158.89712433,82.085262523,35.3570026706,82.085262523,158.89712433,92.076221473,113.784663044,39.5527592042,2255.57617948,217.858799932,167.280613034,252.992774523,297.04738923,124.27468772,42.2603358027,124.27468772,297.04738923,252.992774523,167.280613034,217.858799932,PushBackwards
416390.0,332181.0,432047.0,2751.74229628,146.2254754,105.064580558,102.540223027,118.114299493,77.9150879941,23.5117701818,77.9150879941,118.114299493,102.540223027,105.064580558,146.2254754,2307.19927026,141.722905334,65.1888062847,99.0545856475,111.10770579,81.922884076,103.411807018,81.922884076,111.10770579,99.0545856475,65.1888062847,141.722905334,2541.7898952,283.129940873,124.715477374,238.71278429,106.120909397,95.3556640162,202.712860815,95.3556640162,106.120909397,238.71278429,124.715477374,283.129940873,PushBackwards
504174.0,281046.0,565697.0,2787.49041323,235.753571011,74.5257675977,122.454555275,70.7189827769,43.2546217354,76.0530654407,43.2546217354,70.7189827769,122.454555275,74.5257675977,235.753571011,2317.89334383,219.934311017,36.356689649,138.345978089,102.422506715,14.7397910279,72.0304514631,14.7397910279,102.422506715,138.345978089,36.356689649,219.934311017,2758.00498483,323.75867268,286.569668844,145.694697705,145.739549603,108.007314877,1.48756272389,108.007314877,145.739549603,145.694697705,286.569668844,323.75867268,PushBackwards
606104.0,231169.0,540094.0,3173.74209158,331.399123864,212.695386639,38.9725338236,45.4888094608,41.4053222161,9.32403759918,41.4053222161,45.4888094608,38.9725338236,212.695386639,331.399123864,2002.15653215,133.920086224,198.531930597,80.4891991414,11.2430670966,7.02926949724,8.91812262452,7.02926949724,11.2430670966,80.4891991414,198.531930597,133.920086224,2552.69908559,417.835571699,185.93934479,418.859590165,159.45084715,176.993349005,23.5348865473,176.993349005,159.45084715,418.859590165,185.93934479,417.835571699,PushBackwards
472557.0,305860.0,328411.0,2706.71421577,225.131786625,39.7602813825,13.1477339527,22.2940814498,25.1164865659,25.0100243775,25.1164865659,22.2940814498,13.1477339527,39.7602813825,225.131786625,2364.60965335,77.2085063017,93.8510568949,21.1042944568,40.1065825822,72.2042464013,25.866954512,72.2042464013,40.1065825822,21.1042944568,93.8510568949,77.2085063017,1453.88574441,495.341281074,530.666186263,296.799749486,236.507982803,267.674555556,157.481521817,267.674555556,236.507982803,296.799749486,530.666186263,495.341281074,PushBackwards
465952.0,292816.0,499233.0,2755.80820369,124.11999056,161.961792105,32.6301016136,69.7483541499,100.530087428,15.2331388186,100.530087428,69.7483541499,32.6301016136,161.961792105,124.11999056,2318.84224365,106.510947199,32.361248349,50.5207625373,35.3991981279,51.3614457183,28.7155698174,51.3614457183,35.3991981279,50.5207625373,32.361248349,106.510947199,2943.92687184,476.003590553,275.207150075,81.7379448815,136.45265057,160.983564742,213.725580599,160.983564742,136.45265057,81.7379448815,275.207150075,476.003590553,PushBackwards
542640.0,232138.0,551973.0,3062.75054784,29.6138402515,90.783687948,114.353272267,74.7756901468,45.1888344158,45.8147300825,45.1888344158,74.7756901468,114.353272267,90.783687948,29.6138402515,2020.20921081,88.2284271275,68.369051845,53.5960614668,65.9935583396,31.7246886869,25.7180839013,31.7246886869,65.9935583396,53.5960614668,68.369051845,88.2284271275,2801.88284369,117.733415267,146.755124186,180.694821601,97.1168125583,44.3767743192,30.6655140166,44.3767743192,97.1168125583,180.694821601,146.755124186,117.733415267,PushBackwards
488068.0,235234.0,571050.0,2963.31405351,91.6133635961,149.505731192,44.6511966022,13.6061593665,50.8679976221,50.6265084667,50.8679976221,13.6061593665,44.6511966022,149.505731192,91.6133635961,2094.98584246,146.071082403,64.6377508143,56.5512602607,36.356661854,34.4701435243,28.0183545492,34.4701435243,36.356661854,56.5512602607,64.6377508143,146.071082403,3259.29931089,251.383357587,112.643522251,100.930406289,74.6973033359,21.9638708199,75.8420720379,21.9638708199,74.6973033359,100.930406289,112.643522251,251.383357587,PushBackwards
755446.0,197915.0,501258.0,3594.88659816,235.394717711,108.058386197,34.1325892983,59.8315463793,61.7001557052,30.9460619514,61.7001557052,59.8315463793,34.1325892983,108.058386197,235.394717711,1882.79281658,146.29534794,104.841664572,27.5716648748,39.2598848044,36.3292937235,36.9738226506,36.3292937235,39.2598848044,27.5716648748,104.841664572,146.29534794,2470.19060874,381.067099098,357.995687598,225.794655354,166.164498997,32.6258185427,5.38237675242,32.6258185427,166.164498997,225.794655354,357.995687598,381.067099098,PushBackwards
441177.0,254683.0,617044.0,2831.00583251,30.8758691667,8.26539656944,12.2273157693,52.0120431497,57.1431415963,33.9090164266,57.1431415963,52.0120431497,12.2273157693,8.26539656944,30.8758691667,2091.9809554,87.4886632973,57.9626438145,7.20326779933,22.2154159576,66.381336287,72.5006790232,66.381336287,22.2154159576,7.20326779933,57.9626438145,87.4886632973,2914.34458741,127.07668622,232.724964294,105.711007024,155.231218038,70.179132096,70.0710506542,70.179132096,155.231218038,105.711007024,232.724964294,127.07668622,PushBackwards
471141.0,309486.0,506752.0,2714.19009561,232.521533497,138.551832884,89.0397742426,60.4525904045,59.3962327255,18.6881678262,59.3962327255,60.4525904045,89.0397742426,138.551832884,232.521533497,2314.03492427,88.2863537998,157.697060562,101.559807129,54.3202380268,40.4878331157,43.8307300546,40.4878331157,54.3202380268,101.559807129,157.697060562,88.2863537998,2203.55748801,609.948840918,385.999296252,255.25173231,259.855703086,166.987409181,36.0868821228,166.987409181,259.855703086,255.25173231,385.999296252,609.948840918,PushBackwards
415697.0,323249.0,492075.0,2393.13877657,356.540577882,148.132867067,34.919580073,83.6604629365,65.3338957338,80.0904132056,65.3338957338,83.6604629365,34.919580073,148.132867067,356.540577882,2623.82091685,341.415037044,151.716471537,19.1518153945,118.59701175,74.6350177625,13.5201800935,74.6350177625,118.59701175,19.1518153945,151.716471537,341.415037044,2470.5838425,504.85779065,130.249758502,118.166303799,93.876290106,55.625405374,35.0499555182,55.625405374,93.876290106,118.166303799,130.249758502,504.85779065,PushBackwards
20987686.0,92898263.0,60884882.0,21536.1039222,12697.3938173,3475.49354448,2452.25985128,2076.69243851,2023.92814748,1422.15106338,2023.92814748,2076.69243851,2452.25985128,3475.49354448,12697.3938173,31025.4984904,25927.9591786,2226.29482798,7708.5333255,1634.40606601,5758.93063541,1285.96637768,5758.93063541,1634.40606601,7708.5333255,2226.29482798,25927.9591786,28438.958314,7166.44598326,4278.9287734,4380.90931838,1700.29366834,2088.17346573,852.292244205,2088.17346573,1700.29366834,4380.90931838,4278.9287734,7166.44598326,LargeCircleRight
168437.0,421088.0,26902906.0,1155.26503452,1330.22358942,269.857317397,266.793265658,434.017296242,335.875327066,84.746895736,335.875327066,434.017296242,266.793265658,269.857317397,1330.22358942,1863.6851781,2724.44137659,718.297799157,161.192186508,424.124413827,397.80275215,390.166657494,397.80275215,424.124413827,161.192186508,718.297799157,2724.44137659,21501.9841649,821.639394908,246.845678857,320.411882203,52.571427803,124.480878765,64.6212816786,124.480878765,52.571427803,320.411882203,246.845678857,821.639394908,LargeCircleRight
552282.0,12275037.0,7718812.0,594.211257568,909.084089565,1394.24518238,638.754790351,841.543406201,355.284876804,7.09950195698,355.284876804,841.543406201,638.754790351,1394.24518238,909.084089565,9992.77283158,5724.93157841,2039.1135027,772.205724084,1360.66179731,957.525248828,909.328239991,957.525248828,1360.66179731,772.205724084,2039.1135027,5724.93157841,11041.8363147,4854.5728702,2820.17521491,1451.56533309,1455.7141227,1071.44233637,1018.58970744,1071.44233637,1455.7141227,1451.56533309,2820.17521491,4854.5728702,LargeCircleRight
11477941.0,63458591.0,20670245.0,11210.2655845,4059.56268312,2874.33101604,1663.66585416,1391.77019965,1039.55097961,883.452254372,1039.55097961,1391.77019965,1663.66585416,2874.33101604,4059.56268312,30714.3410323,3637.19424768,1203.31120392,392.905584574,289.658599129,339.620972592,3.00838525447,339.620972592,289.658599129,392.905584574,1203.31120392,3637.19424768,15814.0730978,5047.15597397,2005.44316754,1619.92594821,1171.71093007,1056.69940308,1065.77705568,1056.69940308,1171.71093007,1619.92594821,2005.44316754,5047.15597397,LargeCircleRight
36917007.0,13777089.0,42486444.0,24039.2328144,3967.46312768,4006.39000843,2366.84308993,1336.89681184,1093.375491,855.148286643,1093.375491,1336.89681184,2366.84308993,4006.39000843,3967.46312768,13757.1922733,7435.18359898,2852.5106761,2393.89631176,1668.96277642,1455.84783973,1388.29190924,1455.84783973,1668.96277642,2393.89631176,2852.5106761,7435.18359898,27749.9216555,1689.18147172,1441.11257007,790.408788281,681.323061142,512.467695114,388.502622879,512.467695114,681.323061142,790.408788281,1441.11257007,1689.18147172,LargeCircleRight
15944607.0,7246309.0,27195333.0,12419.8525289,4304.28522828,1702.50279628,843.917169435,412.247255393,833.51867234,82.4053408812,833.51867234,412.247255393,843.917169435,1702.50279628,4304.28522828,10462.9863649,2333.75550094,713.620682482,727.295366386,600.727821184,496.554419247,190.02343102,496.554419247,600.727821184,727.295366386,713.620682482,2333.75550094,21184.336935,1773.52601708,1047.50760078,584.866989331,204.232230819,400.407167172,11.5358437849,400.407167172,204.232230819,584.866989331,1047.50760078,1773.52601708,LargeCircleRight
2460145.0,10477287.0,2850806.0,6750.15779737,1923.65926318,232.549281508,142.946701995,597.268578789,286.780938583,512.297145079,286.780938583,597.268578789,142.946701995,232.549281508,1923.65926318,13540.8218756,810.73919779,1198.28872764,748.54352032,300.50354623,136.484636139,247.107600609,136.484636139,300.50354623,748.54352032,1198.28872764,810.73919779,5832.52735678,4543.52126529,1361.58737896,1510.34997708,1023.75790341,796.479017621,874.739406158,796.479017621,1023.75790341,1510.34997708,1361.58737896,4543.52126529,LargeCircleRight
2225464.0,14160228.0,8366943.0,4422.79790336,1595.84267693,200.739882687,760.254659374,865.84274349,703.141511784,671.840053386,703.141511784,865.84274349,760.254659374,200.739882687,1595.84267693,15937.6717473,116.551526825,347.883535939,278.194476624,349.698049678,215.969963473,117.481728672,215.969963473,349.698049678,278.194476624,347.883535939,116.551526825,10047.366562,2907.96513163,1218.27144225,857.334962985,719.376762004,882.197977132,110.067643015,882.197977132,719.376762004,857.334962985,1218.27144225,2907.96513163,LargeCircleRight
370766.0,9356328.0,17271091.0,2179.81130105,622.486866558,678.091553751,274.385094974,391.534155211,469.969298464,216.351898827,469.969298464,391.534155211,274.385094974,678.091553751,622.486866558,13321.5292206,1798.72298927,1072.02108011,402.71268641,608.174556453,282.998728122,399.945800944,282.998728122,608.174556453,402.71268641,1072.02108011,1798.72298927,17247.3139865,922.684365641,496.840947752,235.445964883,178.170527963,34.3186185351,306.17347422,34.3186185351,178.170527963,235.445964883,496.840947752,922.684365641,LargeCircleRight
76779.0,2586718.0,13599166.0,397.284523409,466.300133824,88.5981267773,336.218296612,178.783389195,30.4337824382,106.481214514,30.4337824382,178.783389195,336.218296612,88.5981267773,466.300133824,6931.36781998,724.701220054,394.095083361,272.703552918,103.095334002,152.221583392,136.351280667,152.221583392,103.095334002,272.703552918,394.095083361,724.701220054,15126.5927098,711.003706487,412.199217959,283.63399294,108.421983018,367.277754807,151.380105136,367.277754807,108.421983018,283.63399294,412.199217959,711.003706487,LargeCircleRight
342737.0,727633.0,9211225.0,2055.11807542,235.26241503,271.21217236,194.320190363,302.689033717,69.0199562641,8.61237464605,69.0199562641,302.689033717,194.320190363,271.21217236,235.26241503,3762.44644654,251.413738886,160.49612312,303.811694833,258.206408318,84.0806433637,1.28175440971,84.0806433637,258.206408318,303.811694833,160.49612312,251.413738886,12118.8453321,701.22507121,366.93744141,237.936843646,159.641925101,170.808478827,117.735605408,170.808478827,159.641925101,237.936843646,366.93744141,701.22507121,LargeCircleRight
3145999.0,1655661.0,535463.0,8460.48148489,2215.25643629,1612.97868084,807.574844059,383.197427389,676.740690078,319.188404694,676.740690078,383.197427389,807.574844059,1612.97868084,2215.25643629,3209.41760194,2641.37375478,756.568270598,942.470199601,205.382053189,224.629221812,789.915316374,224.629221812,205.382053189,942.470199601,756.568270598,2641.37375478,997.069020565,2402.94949747,619.247263614,126.291281195,416.954077006,517.593862487,49.4504016099,517.593862487,416.954077006,126.291281195,619.247263614,2402.94949747,LargeCircleRight
559784.0,1519379.0,667539.0,3424.77826443,302.978391889,163.787239563,91.9251696028,43.7730598906,142.092829404,250.752349522,142.092829404,43.7730598906,91.9251696028,163.787239563,302.978391889,4822.36742565,709.853574124,304.84722517,163.676293447,102.038586053,155.906288947,80.4304538751,155.906288947,102.038586053,163.676293447,304.84722517,709.853574124,2288.3644456,653.166543579,751.605925134,146.539195362,324.784278697,176.609392533,429.538871389,176.609392533,324.784278697,146.539195362,751.605925134,653.166543579,LargeCircleRight
1126391.0,3965829.0,6696585.0,4390.27363326,264.395600752,404.400701273,108.874147789,240.030625051,281.88961358,169.978436363,281.88961358,240.030625051,108.874147789,404.400701273,264.395600752,7947.21873346,852.811544982,122.00112181,175.591637791,284.77906993,101.091613527,137.407445357,101.091613527,284.77906993,175.591637791,122.00112181,852.811544982,9499.204682,2417.92220376,1524.29457085,836.469549685,684.7351734,390.632255927,675.682835911,390.632255927,684.7351734,836.469549685,1524.29457085,2417.92220376,LargeCircleRight
356105.0,1629071.0,30647422.0,2060.28340397,677.028794674,1029.52249766,562.121071846,293.705706569,61.111631379,145.399010428,61.111631379,293.705706569,562.121071846,1029.52249766,677.028794674,4706.20428839,2863.48791506,1036.6201825,274.766603669,581.87615169,442.678504574,335.138429792,442.678504574,581.87615169,274.766603669,1036.6201825,2863.48791506,22098.9155988,2275.30509684,832.153458647,751.599647568,314.690905377,355.967795026,529.132475658,355.967795026,314.690905377,751.599647568,832.153458647,2275.30509684,LargeCircleRight
2010734.0,4921510.0,25240954.0,3613.59242869,1417.65112351,364.238577798,1112.2390918,1023.68018881,658.092672137,480.470413067,658.092672137,1023.68018881,1112.2390918,364.238577798,1417.65112351,5903.57874107,4063.43576532,2613.38067379,1211.73468611,1105.50032784,1198.3111686,730.416933925,1198.3111686,1105.50032784,1211.73468611,2613.38067379,4063.43576532,20948.588048,5325.3646207,2235.86780447,613.082525373,1475.67165825,536.701023427,797.315324022,536.701023427,1475.67165825,613.082525373,2235.86780447,5325.3646207,LargeCircleRight
11508092.0,36808494.0,10388884.0,6885.67686471,7143.26278536,3561.13220039,4472.44305192,2798.9432033,1605.64624849,1462.02081493,1605.64624849,2798.9432033,4472.44305192,3561.13220039,7143.26278536,24902.8014652,2374.37783457,176.107471616,1184.38571544,747.337082961,547.83792806,467.271512742,547.83792806,747.337082961,1184.38571544,176.107471616,2374.37783457,3562.41334879,8354.00644352,2573.87979066,2874.71276699,1648.31797427,1507.23434876,1640.66138244,1507.23434876,1648.31797427,2874.71276699,2573.87979066,8354.00644352,LargeCircleRight
23105957.0,5680061.0,35384543.0,23124.101516,6291.62124438,4514.65929802,1963.02984498,2097.83076359,1138.07187699,1329.3243982,1138.07187699,2097.83076359,1963.02984498,4514.65929802,6291.62124438,10846.5060028,3541.96524334,1364.87590333,1265.89650363,828.227230245,472.739282832,803.958414949,472.739282832,828.227230245,1265.89650363,1364.87590333,3541.96524334,25293.0728484,917.172267187,1368.29874238,398.994607704,397.000459204,238.228379401,120.551095694,238.228379401,397.000459204,398.994607704,1368.29874238,917.172267187,LargeCircleRight
15641863.0,941659.0,23764148.0,14384.2686971,2910.01580591,323.555130298,595.697661619,267.999454993,510.863262558,35.454969121,510.863262558,267.999454993,595.697661619,323.555130298,2910.01580591,621.580848749,2302.84603171,1297.58792856,696.169716497,546.753010902,748.427457519,135.459946494,748.427457519,546.753010902,696.169716497,1297.58792856,2302.84603171,21551.0241278,2327.31121324,233.61169498,393.980816379,452.134855042,318.422820283,154.91054884,318.422820283,452.134855042,393.980816379,233.61169498,2327.31121324,LargeCircleRight
12111066.0,12826236.0,12921638.0,13646.6963543,2068.23808315,1840.74060834,752.601293725,185.019618675,550.967667892,157.140033201,550.967667892,185.019618675,752.601293725,1840.74060834,2068.23808315,13362.27941,2115.9891529,417.220575388,371.30167373,26.6386193591,169.669443474,133.385913547,169.669443474,26.6386193591,371.30167373,417.220575388,2115.9891529,15072.2544074,2829.11966757,661.908426963,904.643481207,567.764450224,707.840395551,384.647068639,707.840395551,567.764450224,904.643481207,661.908426963,2829.11966757,LargeCircleRight
2863439.0,11457462.0,973723.0,6129.73400453,1034.79772605,1421.40274027,790.09664253,464.84843604,528.817660056,663.411088229,528.817660056,464.848436041,790.09664253,1421.40274027,1034.79772605,13789.3707974,860.427478301,609.408037158,412.075850163,273.18915556,191.591776926,167.883450737,191.591776926,273.18915556,412.075850163,609.408037158,860.427478301,51.6595548712,2634.5802148,1529.6834658,665.482484414,586.987778801,814.038099319,493.263472037,814.038099319,586.987778801,665.482484414,1529.6834658,2634.5802148,LargeCircleRight
455331.0,7607643.0,8816284.0,2689.9287931,1482.33445766,320.3401118,208.866556186,229.000392284,849.508593147,311.049287469,849.508593147,229.000392284,208.866556186,320.3401118,1482.33445766,12148.1295715,971.801701736,374.859094504,120.59236087,145.463825603,188.324616447,64.0434443312,188.324616447,145.463825603,120.59236087,374.859094504,971.801701736,11854.3580516,850.718479489,347.053866453,275.138272121,472.411754496,230.149039916,317.546264751,230.149039916,472.411754496,275.138272121,347.053866453,850.718479489,LargeCircleRight
406593.0,2402700.0,14626475.0,2555.86075971,847.181600566,294.059378867,247.189359639,375.473938856,220.035138966,43.3910385702,220.035138966,375.473938856,247.189359639,294.059378867,847.181600566,6848.99983813,2495.12782668,826.730686951,689.150971197,484.033694094,443.292800975,517.252440327,443.292800975,484.033694094,689.150971197,826.730686951,2495.12782668,16494.0276955,3651.46243721,1708.04414519,930.388640878,849.691146092,704.687695439,1049.56417864,704.687695439,849.691146092,930.388640878,1708.04414519,3651.46243721,LargeCircleRight
1371837.0,11119655.0,409411.0,331.908671913,2659.45576212,1226.38477505,444.580926405,570.670276138,315.987254329,546.793424517,315.987254329,570.670276138,444.580926405,1226.38477505,2659.45576212,7318.68754639,5946.70096525,2004.49108864,956.885073054,279.566665513,310.043362192,408.593391888,310.043362192,279.566665513,956.885073054,2004.49108864,5946.70096525,2905.85963758,706.202893047,583.877211188,313.731456658,359.870413252,176.541582984,293.043358076,176.541582984,359.870413252,313.731456658,583.877211188,706.202893047,LargeCircleRight
390089.0,4760437.0,8110716.0,1981.3818708,1937.3499562,556.736515751,225.335213599,212.315168106,608.714138614,68.6011360793,608.714138614,212.315168106,225.335213599,556.736515751,1937.3499562,7874.82096884,1842.84741026,598.947509972,369.587369275,204.114000848,559.502605874,234.666628747,559.502605874,204.114000848,369.587369275,598.947509972,1842.84741026,9220.95437674,3605.56039848,1423.87215365,936.898712773,526.307302684,561.052595509,545.968337601,561.052595509,526.307302684,936.898712773,1423.87215365,3605.56039848,LargeCircleRight
5245497.0,7362050.0,44374806.0,6466.7288866,2913.51572688,1211.20765614,937.162809086,898.667516475,212.688898252,295.617375776,212.688898252,898.667516475,937.162809086,1211.20765614,2913.51572688,9002.1885766,4538.77905205,2308.30805816,450.13814646,949.318064216,690.401150024,635.371848012,690.401150024,949.318064216,450.13814646,2308.30805816,4538.77905205,26048.1428958,3544.35775868,103.424630938,1083.02147525,334.519378324,540.222290801,328.900606905,540.222290801,334.519378324,1083.02147525,103.424630938,3544.35775868,LargeCircleRight
4318695.0,8865171.0,30824052.0,6080.67496119,939.21731576,2363.75275556,2187.50222485,1451.04231096,754.984386071,287.838853704,754.984386071,1451.04231096,2187.50222485,2363.75275556,939.21731576,5907.29347665,6873.13096532,3580.65954256,3262.15910906,1873.33427089,1196.75962254,1368.24492372,1196.75962254,1873.33427089,3262.15910906,3580.65954256,6873.13096532,20913.2538501,8331.17447164,3872.56090682,2403.99535571,752.818557775,2113.76552287,1492.21943512,2113.76552287,752.818557774,2403.99535571,3872.56090682,8331.17447164,LargeCircleRight
15108551.0,65239360.0,45804655.0,15144.2003733,2250.02562832,1260.96143816,844.308916693,316.190699682,225.028764319,750.019383008,225.028764319,316.190699682,844.308916693,1260.96143816,2250.02562832,33260.7450365,4428.84690663,2777.76961512,903.648185917,1413.28877326,871.816263809,439.89684122,871.816263809,1413.28877326,903.648185917,2777.76961512,4428.84690663,22484.9593921,7964.13658187,3365.46405955,1499.71474583,1832.27414675,1713.58789579,967.115918012,1713.58789579,1832.27414675,1499.71474583,3365.46405955,7964.13658187,LargeCircleRight
11709466.0,5709923.0,55935416.0,15487.7563722,2671.01496595,498.560250649,780.173461757,283.64406005,317.692441838,420.264166593,317.692441838,283.64406005,780.173461757,498.560250649,2671.01496595,8254.53936988,5855.65588452,1840.24565154,1506.73865443,1359.65759248,1006.99930291,1020.55188516,1006.99930291,1359.65759248,1506.73865443,1840.24565154,5855.65588452,32876.0647629,4395.69660227,1742.35683433,808.961160164,705.315155362,812.240692906,499.581017716,812.240692906,705.315155362,808.961160164,1742.35683433,4395.69660227,LargeCircleRight
14520740.0,9767067.0,28625014.0,15188.4851943,2015.57530247,2498.01568296,466.447208757,599.397884551,269.277147742,40.1001305913,269.277147742,599.397884551,466.447208757,2498.01568296,2015.57530247,11813.070265,1935.18242879,1126.1403472,280.646056522,865.49849597,234.685053098,385.857093456,234.685053098,865.49849597,280.646056522,1126.1403472,1935.18242879,22073.8794055,2057.29204543,542.807634743,906.611460267,317.292342854,322.206452042,102.333735039,322.206452042,317.292342854,906.611460267,542.807634743,2057.29204543,LargeCircleRight
16472513.0,18215294.0,5914083.0,16053.2951507,3435.30837315,445.067484099,1147.02625103,1430.7075811,989.021755185,899.875450595,989.021755185,1430.7075811,1147.02625103,445.067484099,3435.30837315,17299.5721029,1527.56234672,732.590417248,863.076134382,1369.23872431,1121.01891921,317.853173105,1121.01891921,1369.23872431,863.076134382,732.590417248,1527.56234672,1286.30626644,7162.55572445,2830.1930482,2096.64516848,1818.56329625,1097.90488683,959.133455926,1097.90488683,1818.56329625,2096.64516848,2830.1930482,7162.55572445,LargeCircleRight
2403120.0,11392219.0,29404278.0,3939.47394922,1838.73152349,674.446382264,735.929429611,777.90759131,1107.24670175,1125.52615264,1107.24670175,777.90759131,735.929429611,674.446382264,1838.73152349,14869.9315587,3892.06388005,1905.18893259,696.590095845,1562.13029327,1030.6286183,578.388743895,1030.6286183,1562.13029327,696.590095845,1905.18893259,3892.06388005,21139.546972,2174.71242481,739.191111272,435.422220769,299.261361395,1056.16072429,475.381798518,1056.16072429,299.261361395,435.422220769,739.191111272,2174.71242481,LargeCircleRight
216421.0,1273172.0,17648170.0,285.415645736,725.19335702,712.164845643,434.020858235,740.78192585,526.271708023,39.7737886926,526.271708023,740.78192585,434.020858235,712.164845643,725.19335702,4671.92555428,57.8770618274,137.493668734,208.961764157,559.892677206,396.043163966,145.979761797,396.043163966,559.892677206,208.961764157,137.493668734,57.8770618274,18940.3107555,1567.65346336,865.856761637,249.340990081,324.416632319,428.303353778,48.1701863146,428.303353778,324.416632319,249.340990081,865.856761637,1567.65346336,LargeCircleRight
319149.0,636322.0,12701998.0,1508.91723462,1853.88525084,1078.62522102,336.365612473,488.700932878,599.59974207,61.3544738657,599.59974207,488.700932878,336.365612473,1078.62522102,1853.88525084,3921.98903083,677.630336749,528.694031636,91.085478426,282.044559423,323.896855075,199.874035308,323.896855075,282.044559423,91.085478426,528.694031636,677.630336749,14810.264273,630.090071665,354.152721428,189.177798692,122.592946621,111.849630486,364.196207283,111.849630486,122.592946621,189.177798692,354.152721428,630.090071665,LargeCircleRight
959824.0,7022158.0,3384148.0,533.938426502,2128.770952,898.869363865,424.30813956,594.728998104,53.6632658184,506.294804595,53.6632658184,594.728998104,424.30813956,898.869363865,2128.770952,6606.41147806,5001.068383,1901.03663667,1221.0580191,1121.4483008,91.954936123,1117.08313364,91.954936123,1121.4483008,1221.0580191,1901.03663667,5001.068383,6370.87047185,2264.02055016,915.504555925,618.300218325,370.265819969,98.7832991082,475.293264901,98.7832991082,370.265819969,618.300218325,915.504555925,2264.02055016,Still
409364.0,343011.0,415486.0,2676.11634122,178.905593614,202.846858376,139.711775875,102.224555401,27.6507981066,39.7755806084,27.6507981066,102.224555401,139.711775875,202.846858376,178.905593614,2600.23903264,348.748147707,191.219711148,119.70631742,159.262636364,92.0337433569,8.1377324557,92.0337433569,159.262636364,119.70631742,191.219711148,348.748147707,2152.01401513,341.390072327,190.293237987,118.230799897,89.1407620547,112.376776108,267.641208457,112.376776108,89.1407620547,118.230799897,190.293237987,341.390072327,Still
430652.0,586267.0,389883.0,2699.41350887,122.145953629,66.4342501054,63.3385953833,131.059298245,73.9614594912,38.6641314838,73.9614594912,131.059298245,63.3385953833,66.4342501054,122.145953629,3251.41855614,377.42884852,57.8343583703,214.521663427,10.613768068,93.12935304,0.854596857432,93.12935304,10.613768068,214.521663427,57.8343583703,377.42884852,1929.68149023,159.509899848,320.06608657,354.649981571,75.5508124722,83.542807876,179.722543688,83.542807876,75.5508124722,354.649981571,320.06608657,159.509899848,Still
388254.0,184735.0,500536.0,2618.29943835,51.9870608428,18.5033173085,34.0894574622,74.7641509851,46.9923358887,34.5663937974,46.9923358887,74.7641509851,34.0894574622,18.5033173085,51.9870608428,1947.09448946,224.036696382,81.4000686973,115.932605817,54.3727963136,28.3335300695,8.04074825731,28.3335300695,54.3727963136,115.932605817,81.4000686973,224.036696382,2353.42988208,408.90893001,167.144165308,53.7691954832,43.1232513935,86.5828186772,53.9097118286,86.5828186772,43.1232513935,53.7691954832,167.144165308,408.90893001,Still
408251.0,329607.0,431325.0,2704.48731655,53.1120591387,32.3152509057,69.2121855522,10.713898635,65.5689593003,57.0525993034,65.5689593003,10.713898635,69.2121855522,32.3152509057,53.1120591387,2444.59748797,88.1874734766,46.1605193637,35.3869156873,22.8427687059,45.862000512,28.4841710656,45.862000512,22.8427687059,35.3869156873,46.1605193637,88.1874734766,2664.56617354,54.7110658854,80.1923904498,48.4486118909,95.325499946,71.5654400678,165.582526303,71.5654400678,95.325499946,48.4486118909,80.1923904498,54.7110658854,Still
369511.0,357304.0,474933.0,2561.40586968,113.442324339,150.425457715,87.0393474775,29.6239830537,61.1175123497,12.842313412,61.1175123497,29.6239830537,87.0393474775,150.425457715,113.442324339,2530.23911272,130.234090187,139.626838902,65.2165519143,64.1523927718,58.958810683,12.589060936,58.958810683,64.1523927718,65.2165519143,139.626838902,130.234090187,2379.73956374,381.25306504,252.357438097,176.642912906,164.50959173,162.818469789,104.740135994,162.818469789,164.50959173,176.642912906,252.357438097,381.25306504,Still
457803.0,305230.0,502200.0,2789.32875783,62.617065669,106.967150878,26.8413995012,16.0628833128,46.417891499,3.47768413973,46.417891499,16.0628833128,26.8413995012,106.967150878,62.617065669,2358.32390311,33.6618321993,56.5265725001,23.6832247597,50.457366726,17.8076499441,26.7862568254,17.8076499441,50.457366726,23.6832247597,56.5265725001,33.6618321993,2950.6216856,34.9329448813,98.8679096317,34.0833401783,53.1947433976,29.3938365193,65.4523115429,29.3938365193,53.1947433976,34.0833401783,98.8679096317,34.9329448813,Still
468887.0,345883.0,421200.0,2849.57635462,65.0502762448,28.2926338074,14.9007235772,58.4741384109,17.2686544655,42.674414292,17.2686544655,58.4741384109,14.9007235772,28.2926338074,65.0502762448,2522.00189622,75.177351351,73.7253523395,38.0571209306,12.5665854802,31.1416062446,46.9104509738,31.1416062446,12.5665854802,38.0571209306,73.7253523395,75.177351351,2613.08207628,39.3499985995,17.9960451175,60.9565826747,88.5160627044,30.2305251371,14.8730793981,30.2305251371,88.5160627044,60.9565826747,17.9960451175,39.3499985995,Still
402045.0,334230.0,553908.0,2534.94742964,192.927543141,208.995026354,117.622347409,84.4134977616,49.6898375704,52.1733058556,49.6898375704,84.4134977616,117.622347409,208.995026354,192.927543141,2545.63737852,185.344242239,145.379676465,106.87568881,70.2409883579,57.4319582384,16.7297169632,57.4319582384,70.2409883579,106.87568881,145.379676465,185.344242239,2734.24470027,78.9983505878,290.012650237,329.655360269,346.8246906,117.831404932,197.303230866,117.831404932,346.8246906,329.655360269,290.012650237,78.9983505878,Still
429395.0,331202.0,419175.0,2642.42827857,150.13837284,172.777015362,34.6577208375,128.076196009,90.4256382792,9.29924747298,90.4256382792,128.076196009,34.6577208375,172.777015362,150.13837284,2567.97168557,258.490573496,162.04474724,39.451372714,98.3421928475,101.798231992,27.5799756679,101.798231992,98.3421928475,39.451372714,162.04474724,258.490573496,2133.54118563,403.114701573,190.74162479,221.897116444,136.417078287,19.2416637952,30.7492923477,19.2416637952,136.417078287,221.897116444,190.74162479,403.114701573,Still
444639.0,303022.0,477900.0,2834.75358647,32.7348625724,23.3861287199,48.1297251876,3.89810772535,35.0653122421,52.3349995562,35.0653122421,3.89810772535,48.1297251876,23.3861287199,32.7348625724,2259.98233525,106.87019543,54.3357087425,32.4489681696,44.7220525222,40.9090657201,6.55051120079,40.9090657201,44.7220525222,32.4489681696,54.3357087425,106.87019543,2591.76042673,170.640680124,21.7123388921,27.5374413142,34.51369083,126.968957588,36.8089375429,126.968957588,34.51369083,27.5374413142,21.7123388921,170.640680124,Still
438112.0,325703.0,478261.0,2677.38546284,117.510148607,105.795567226,60.9506700412,64.1395867446,17.8806915498,32.3470276278,17.8806915498,64.1395867446,60.9506700412,105.795567226,117.510148607,2537.25112485,139.994057413,82.0696214842,45.314652306,35.2861278297,4.33004620448,35.9835151216,4.33004620448,35.2861278297,45.314652306,82.0696214842,139.994057413,2820.82488385,278.783108314,159.770568194,137.169859161,151.720086365,108.792268131,9.04299683161,108.792268131,151.720086365,137.169859161,159.770568194,278.783108314,Still
403817.0,407490.0,481950.0,2597.59206181,162.955382359,43.3096443999,80.7277272805,71.2708637268,16.7040294038,35.7112070732,16.7040294038,71.2708637268,80.7277272805,43.3096443999,162.955382359,2623.35522432,147.413466177,57.7785875826,101.090373325,75.7154918732,33.4424614176,26.6047380522,33.4424614176,75.7154918732,101.090373325,57.7785875826,147.413466177,3179.12540861,425.593965591,396.463340783,221.815987127,173.721892162,189.350219037,22.2217783833,189.350219037,173.721892162,221.815987127,396.463340783,425.593965591,Still
454047.0,312277.0,439425.0,2722.05384141,123.781489417,35.146143819,108.923903646,78.6123488691,73.761504393,92.5236074483,73.761504393,78.6123488691,108.923903646,35.146143819,123.781489417,2437.62639857,90.2294880364,61.7850250196,96.8809256955,45.4455968916,54.3276095596,70.5838495812,54.3276095596,45.4455968916,96.8809256955,61.7850250196,90.2294880364,2566.7457571,109.389766207,162.70706257,58.986471426,105.680467927,90.6050884808,44.2596449742,90.6050884808,105.680467927,58.986471426,162.70706257,109.389766207,Still
452626.0,344128.0,396900.0,2755.97371185,90.7187246455,113.873811035,25.3715108657,16.4887294403,85.7395594848,39.4474940946,85.7395594848,16.4887294403,25.3715108657,113.873811035,90.7187246455,2517.52937588,74.560485125,60.2574112505,31.0650730426,23.2680165608,24.7873961791,9.6609659072,24.7873961791,23.2680165608,31.0650730426,60.2574112505,74.560485125,2674.02923501,159.948679508,166.19091313,51.855420359,168.012443107,35.5509854848,21.1559712372,35.5509854848,168.012443107,51.855420359,166.19091313,159.948679508,Still
362669.0,408807.0,523533.0,2656.04187485,196.63189662,72.2738491195,145.298408149,51.2965115392,31.6470975334,42.8642539713,31.6470975334,51.2965115392,145.298408149,72.2738491195,196.63189662,2546.70108947,138.608460533,156.188109476,105.692925302,74.3968546207,24.6575640188,0.949590898049,24.6575640188,74.3968546207,105.692925302,156.188109476,138.608460533,2997.10197976,461.79658593,326.304494108,292.814263034,110.046362804,53.9765944219,54.3142356489,53.9765944219,110.046362804,292.814263034,326.304494108,461.79658593,Still
486341.0,312336.0,500536.0,2939.73109209,73.5783282467,36.857771206,95.6039057815,17.03443494,46.8619838908,0.706067545221,46.8619838908,17.03443494,95.6039057815,36.857771206,73.5783282467,2389.85232777,56.5007109471,77.2151951227,68.1969131372,65.2054704096,11.0190960755,45.7363138669,11.0190960755,65.2054704096,68.1969131372,77.2151951227,56.5007109471,2922.29363635,254.629556998,116.228718682,148.25060683,137.00788312,171.457360205,32.3969473812,171.457360205,137.00788312,148.25060683,116.228718682,254.629556998,Still
410331.0,366208.0,465750.0,2775.47071781,46.4497327794,75.9372875153,57.5503973114,48.2700436228,30.7894192078,51.0583973809,30.7894192078,48.2700436228,57.5503973114,75.9372875153,46.4497327794,2537.19333819,25.7081103062,31.3803696295,18.2513273434,11.5709741944,24.6395338067,19.3702626013,24.6395338067,11.5709741944,18.2513273434,31.3803696295,25.7081103062,2781.70205088,28.9760439437,65.9722835335,15.7243227215,30.2858166819,30.4494246381,120.268983486,30.4494246381,30.2858166819,15.7243227215,65.9722835335,28.9760439437,Still
433555.0,372832.0,421200.0,2739.53578696,54.1209751224,67.9529563971,58.6177078398,39.2211880787,29.4522910809,65.564714607,29.4522910809,39.2211880787,58.6177078398,67.9529563971,54.1209751224,2568.13750851,33.8036103996,43.1408959917,30.9731499515,32.4872745333,28.1942170536,21.9309930303,28.1942170536,32.4872745333,30.9731499515,43.1408959917,33.8036103996,2735.38934372,286.583413348,195.862299399,187.742993761,147.769351587,179.461349212,48.8401979656,179.461349212,147.769351587,187.742993761,195.862299399,286.583413348,Still
506735.0,281365.0,340200.0,2871.33552984,156.969306906,72.4880075512,15.0255043898,35.0432172651,27.4326690678,27.0519641671,27.4326690678,35.0432172651,15.0255043898,72.4880075512,156.969306906,2325.91121029,149.766742832,28.816368571,36.8678203006,40.6440859769,21.4999260503,40.549490518,21.4999260503,40.6440859769,36.8678203006,28.816368571,149.766742832,2282.75806218,58.4720929436,157.66037357,160.769780687,200.875852694,112.849202319,181.244230329,112.849202319,200.875852694,160.769780687,157.66037357,58.4720929436,Still
514832.0,268024.0,571050.0,2953.55548524,58.9868122578,28.8867794472,16.5265436178,59.6838692192,80.3455332915,37.671999357,80.3455332915,59.6838692192,16.5265436178,28.8867794472,58.9868122578,2209.84643039,23.5556782152,68.9228274884,50.559086808,58.1084210907,74.3550260047,42.8157896543,74.3550260047,58.1084210907,50.559086808,68.9228274884,23.5556782152,3023.42161158,228.364010054,100.956827646,98.9347517982,142.216463107,167.690259443,42.8666761578,167.690259443,142.216463107,98.9347517982,100.956827646,228.364010054,Still
390934.0,330453.0,614658.0,2644.12531824,33.0225681366,19.6863118333,31.0886317126,6.67161227005,52.9422242597,6.86252097192,52.9422242597,6.67161227005,31.0886317126,19.6863118333,33.0225681366,2409.14338301,128.457443766,26.6411854183,66.1951413988,63.6783050413,56.3569486173,45.2588911557,56.3569486173,63.6783050413,66.1951413988,26.6411854183,128.457443766,3362.41149291,457.233904542,111.456700018,60.6712325802,124.829931176,98.8722796744,67.0584773353,98.8722796744,124.829931176,60.6712325802,111.456700018,457.233904542,Still
471984.0,349056.0,423225.0,2840.09631831,70.5891669765,56.5349450319,10.1000964481,8.78728687702,50.4117412094,7.90476310481,50.4117412094,8.78728687702,10.1000964481,56.5349450319,70.5891669765,2531.29640076,53.5154380085,13.8844726743,17.041361459,26.0963952349,41.2801800407,33.6874959928,41.2801800407,26.0963952349,17.041361459,13.8844726743,53.5154380085,2581.40549015,183.152183576,87.8361934519,13.1652164161,76.4359268153,66.0501220858,85.9780657408,66.0501220858,76.4359268153,13.1652164161,87.8361934519,183.152183576,Still
371270.0,300294.0,413100.0,2527.71083532,31.5815444798,48.9574225597,64.4378376375,32.8792707637,37.989586863,9.93578759867,37.989586863,32.8792707637,64.4378376375,48.9574225597,31.5815444798,2318.97073662,82.8853959704,157.191185077,53.7615415571,33.7216591099,52.2237790421,76.567595334,52.2237790421,33.7216591099,53.7615415571,157.191185077,82.8853959704,2243.66311024,358.520138955,44.997874391,90.0776548846,18.0974397993,162.000315924,229.510745826,162.000315924,18.0974397993,90.0776548846,44.997874391,358.520138955,Still
407430.0,267660.0,381151.0,2745.89751344,106.743550301,61.3558988131,71.8627886248,47.2575310661,28.3553298242,20.8103217259,28.3553298242,47.2575310661,71.8627886248,61.3558988131,106.743550301,2134.34505734,84.4220084865,69.2729499015,29.3842839379,34.3268236548,25.1160317824,9.94760909061,25.1160317824,34.3268236548,29.3842839379,69.2729499015,84.4220084865,2318.98532309,191.116126124,235.698522845,235.909732273,61.8575784569,108.355243639,263.935559283,108.355243639,61.8575784569,235.909732273,235.698522845,191.116126124,Still
416603.0,261070.0,460036.0,2732.77769737,24.8794226781,41.1579966361,49.0801583712,30.2779684263,30.6611517835,3.22551695847,30.6611517835,30.2779684263,49.0801583712,41.1579966361,24.8794226781,2230.24522178,101.424263033,53.3964947605,31.9180396651,61.0427592475,37.3912189401,33.6982326746,37.3912189401,61.0427592475,31.9180396651,53.3964947605,101.424263033,2463.10313275,34.1153415848,212.179107952,107.287009003,92.965290283,24.4083173619,46.7819449923,24.4083173619,92.965290283,107.287009003,212.179107952,34.1153415848,Still
399247.0,335296.0,344250.0,2731.01312972,62.5501229458,21.0448117579,16.1395035847,64.3471079295,45.3362040949,24.3371205552,45.3362040949,64.3471079295,16.1395035847,21.0448117579,62.5501229458,2408.903255,61.3958531737,39.3000942136,58.7440090154,15.6481122034,22.9002623549,43.5544423068,22.9002623549,15.6481122034,58.7440090154,39.3000942136,61.3958531737,1963.01252201,337.359626548,161.764258492,147.97398735,64.8993437326,7.15076168089,20.1880337348,7.15076168089,64.8993437326,147.97398735,161.764258492,337.359626548,Still
482742.0,320775.0,289936.0,2971.35637277,43.7214634804,48.8358696899,43.1813469609,37.225602865,35.3051685796,36.2007660373,35.3051685796,37.225602865,43.1813469609,48.8358696899,43.7214634804,2428.36044957,112.056625891,39.8081658723,50.4789433667,29.5242294553,9.13552021455,46.880643284,9.13552021455,29.5242294553,50.4789433667,39.8081658723,112.056625891,2004.18666228,167.740408231,168.133476571,144.0833596,97.5384343414,115.838051134,36.795764784,115.838051134,97.5384343414,144.0833596,168.133476571,167.740408231,Still
510966.0,239227.0,391547.0,2979.29755491,47.4863108354,28.4022307645,18.6907290221,24.3066962356,21.7654643072,12.7017952885,21.7654643072,24.3066962356,18.6907290221,28.4022307645,47.4863108354,2090.57971294,63.7384981812,43.4476340755,32.867851804,48.5724020875,24.0145608083,16.0379232173,24.0145608083,48.5724020875,32.867851804,43.4476340755,63.7384981812,2016.69540103,359.13826479,169.827047936,187.661379446,88.8385274857,164.174353524,0.722938561999,164.174353524,88.8385274857,187.661379446,169.827047936,359.13826479,Still
355154.0,354014.0,599631.0,2592.30106783,201.516065992,94.8937918061,36.6140636961,39.3602975314,84.8213570344,47.4523703006,84.8213570344,39.3602975314,36.6140636961,94.8937918061,201.516065992,2423.37826297,105.342635081,124.357703553,68.8600927221,70.5750773478,93.2174634914,28.6925305997,93.2174634914,70.5750773478,68.8600927221,124.357703553,105.342635081,2442.09832353,413.583178784,311.9269553,175.378778861,136.344570812,28.5677602014,88.7307087129,28.5677602014,136.344570812,175.378778861,311.9269553,413.583178784,Still
449926.0,313728.0,358425.0,2693.99747379,164.189380702,28.8518351595,88.3134854045,68.3764353828,45.6465486999,46.2831804626,45.6465486999,68.3764353828,88.3134854045,28.8518351595,164.189380702,2320.14271615,93.5410186849,67.5390819066,32.618817658,21.7664251188,43.0696428639,21.362033311,43.0696428639,21.7664251188,32.618817658,67.5390819066,93.5410186849,2111.77014495,266.785470739,40.6869142852,211.627265949,108.865114023,14.5909574788,158.32129493,14.5909574788,108.865114023,211.627265949,40.6869142852,266.785470739,Still
403831.0,372891.0,324000.0,2791.82928597,83.9329517487,99.2144907244,8.2339492734,61.6833665925,30.6061708935,28.8676155521,30.6061708935,61.6833665925,8.2339492734,99.2144907244,83.9329517487,2444.49407706,132.707334627,101.242701517,30.385554015,42.9919670204,25.9534629921,19.2181761929,25.9534629921,42.9919670204,30.385554015,101.242701517,132.707334627,2239.84159935,69.1221464944,32.9343305641,43.0137411009,74.9324806278,115.812987202,19.7699145094,115.812987202,74.9324806278,43.0137411009,32.9343305641,69.1221464944,Still
484638.0,322018.0,287550.0,2881.22060992,94.7356062213,108.18708403,61.813893273,84.0932496435,56.7562358648,10.6428063829,56.7562358648,84.0932496435,61.813893273,108.18708403,94.7356062213,2377.69019693,49.6773052829,70.768863992,33.1170436118,45.15029184,32.7512301993,26.6937553828,32.7512301993,45.15029184,33.1170436118,70.768863992,49.6773052829,1846.27512155,144.133126424,137.898132424,85.7137501789,160.856913404,54.8963458809,221.847374507,54.8963458809,160.856913404,85.7137501789,137.898132424,144.133126424,Still
419335.0,322133.0,374986.0,2715.34635102,66.2331812028,38.5689786644,35.9368444746,33.1200586327,29.607763863,15.7497849494,29.607763863,33.1200586327,35.9368444746,38.5689786644,66.2331812028,2309.96634409,95.8323922428,43.9828350116,86.8019318054,33.4285958348,7.11059106502,26.3511966431,7.11059106502,33.4285958348,86.8019318054,43.9828350116,95.8323922428,2730.02912272,480.09415526,251.853008247,45.5401978122,154.37602896,70.9386014668,120.443224167,70.9386014668,154.37602896,45.5401978122,251.853008247,480.09415526,Still
433626.0,340736.0,428358.0,2719.74982851,103.802023101,51.6332524815,23.5666260005,26.4910551928,54.008571451,43.1453264987,54.008571451,26.4910551928,23.5666260005,51.6332524815,103.802023101,2461.55472766,75.2143200845,22.5776540174,33.4453993276,27.6143527494,8.27269512579,35.394455983,8.27269512579,27.6143527494,33.4453993276,22.5776540174,75.2143200845,2459.48137414,393.692643191,310.499168828,233.79209614,103.464657339,115.55075034,317.930780919,115.55075034,103.464657339,233.79209614,310.499168828,393.692643191,Still
410885.0,385291.0,348661.0,2697.21370771,148.591073453,41.2635737022,91.6574047524,58.5639134846,72.334392638,40.4721159695,72.334392638,58.5639134846,91.6574047524,41.2635737022,148.591073453,2564.76776263,170.923261601,42.567569701,93.8364897405,12.98469253,15.608225303,60.6492351558,15.608225303,12.98469253,93.8364897405,42.567569701,170.923261601,2457.71326634,351.292383394,318.024371969,36.2627131203,88.4894136348,149.214543612,75.7417143851,149.214543612,88.4894136348,36.2627131203,318.024371969,351.292383394,Still
430882.0,343515.0,374986.0,2865.47011141,117.721521147,33.3229341886,32.2259178721,91.6535815199,119.758390701,83.7057403678,119.758390701,91.6535815199,32.2259178721,33.3229341886,117.721521147,2372.33379185,102.053350359,41.4331576084,17.8975664976,47.3082594735,78.2790571461,113.85440494,78.2790571461,47.3082594735,17.8975664976,41.4331576084,102.053350359,2537.91878,298.31752186,216.756452419,106.838137632,71.0873644731,116.308925437,82.3102267012,116.308925437,71.0873644731,106.838137632,216.756452419,298.31752186,Still
453356.0,344128.0,403697.0,2909.7038272,61.067079913,77.9280165811,38.4665127902,61.9702642586,64.8620341147,21.2775738501,64.8620341147,61.9702642586,38.4665127902,77.9280165811,61.067079913,2449.21096984,71.8359182452,14.0428253687,14.0357631824,47.9193562207,55.4145451487,8.83063106474,55.4145451487,47.9193562207,14.0357631824,14.0428253687,71.8359182452,2413.08165327,367.97370277,413.507397127,296.28034338,235.707453423,106.18544434,79.5183824364,106.18544434,235.707453423,296.28034338,413.507397127,367.97370277,Still
374022.0,434003.0,289575.0,2644.42056601,173.673022612,32.3676932221,125.819865111,62.740757437,20.7961665649,69.3201780831,20.7961665649,62.740757437,125.819865111,32.3676932221,173.673022612,2668.01448651,164.616090233,45.4717382833,94.85058548,70.5075096236,102.400460596,7.6846138442,102.400460596,70.5075096236,94.85058548,45.4717382833,164.616090233,2260.8780829,367.453648022,410.130254311,116.438421227,209.995576786,121.332924354,44.7307011221,121.332924354,209.995576786,116.438421227,410.130254311,367.453648022,Still
461304.0,329095.0,368550.0,2829.16189754,54.4937982355,26.4876085595,41.1647379276,70.843410926,52.4639959751,30.2859459937,52.4639959751,70.843410926,41.1647379276,26.4876085595,54.4937982355,2438.52145138,38.7697441825,41.3531513046,54.8834520262,37.6148215987,40.1755998375,26.2428727542,40.1755998375,37.6148215987,54.8834520262,41.3531513046,38.7697441825,2192.67674485,150.048570175,99.1233436039,205.796017156,67.5610679518,86.4388373612,32.366226905,86.4388373612,67.5610679518,205.796017156,99.1233436039,150.048570175,Still
455032.0,333088.0,297675.0,2821.8083336,36.5528894222,56.9319621383,35.7335767781,16.6029986309,30.9970942232,26.4174588439,30.9970942232,16.6029986309,35.7335767781,56.9319621383,36.5528894222,2460.00023185,106.317392622,40.7851712446,43.6851673321,20.4802433105,46.373300066,2.03489161523,46.373300066,20.4802433105,43.6851673321,40.7851712446,106.317392622,1991.44877168,98.8522277074,77.2475155779,92.6459668225,85.3448722598,97.1505978385,142.915229614,97.1505978385,85.3448722598,92.6459668225,77.2475155779,98.8522277074,Still
419166.0,357115.0,472908.0,2828.48711944,133.570664334,69.6659309027,125.466095359,74.5608498233,28.4891276484,2.65845928362,28.4891276484,74.5608498233,125.466095359,69.6659309027,133.570664334,2365.5211084,171.143599516,76.5674511845,62.8616786627,13.2396781237,23.0952024148,17.3570346067,23.0952024148,13.2396781237,62.8616786627,76.5674511845,171.143599516,3027.87921301,763.858822809,225.57488754,245.41982647,139.215002929,168.150442209,27.5514914241,168.150442209,139.215002929,245.41982647,225.57488754,763.858822809,Still
483837.0,296064.0,336511.0,2947.00089172,52.741926732,30.2158550441,49.8071903288,31.8826757496,47.9560265165,14.5584793589,47.9560265165,31.8826757496,49.8071903288,30.2158550441,52.741926732,2281.5185303,30.9755861589,46.6016086844,31.9027029379,43.2836029137,31.1823618663,37.7034634563,31.1823618663,43.2836029137,31.9027029379,46.6016086844,30.9755861589,2140.01317192,32.1198704565,146.633229605,144.339931988,93.6591818185,16.2820796044,142.368789733,16.2820796044,93.6591818185,144.339931988,146.633229605,32.1198704565,Still
413467.0,370624.0,283500.0,2651.04668274,59.9680616679,63.0695097108,10.7060490398,55.7490725443,27.294803565,29.4778511448,27.294803565,55.7490725443,10.7060490398,63.0695097108,59.9680616679,2585.5038694,11.4847544116,15.8349613856,13.768828623,18.7729403838,2.15966838232,5.16359620873,2.15966838232,18.7729403838,13.768828623,15.8349613856,11.4847544116,2038.43904589,91.2190465653,79.7975210534,34.4881887146,106.234588164,116.665267606,18.3179786233,116.665267606,106.234588164,34.4881887146,79.7975210534,91.2190465653,Still
410148.0,382864.0,624833.0,2799.88284094,174.193782057,51.7203475224,103.00482065,98.7323455289,49.7461284994,0.981462926862,49.7461284994,98.7323455289,103.00482065,51.7203475224,174.193782057,2479.06677371,162.671211467,77.8489387614,86.6969522974,58.6643250209,63.5648298883,24.5786278172,63.5648298883,58.6643250209,86.6969522974,77.8489387614,162.671211467,2549.28394658,282.542141604,184.702692605,218.472483871,329.405627649,123.110981342,107.63272641,123.110981342,329.405627649,218.472483871,184.702692605,282.542141604,Still
461669.0,318990.0,319950.0,2859.78821917,21.3408782805,57.7673106428,46.256920849,43.3732336871,8.96581453699,16.3609778397,8.96581453699,43.3732336871,46.256920849,57.7673106428,21.3408782805,2426.31591162,72.6491401874,67.8816722554,15.0717005825,43.7468904618,32.2602598592,51.9002071463,32.2602598592,43.7468904618,15.0717005825,67.8816722554,72.6491401874,2186.87910445,29.4193084573,243.570719357,89.2441896704,104.014662794,167.469740952,113.326896286,167.469740952,104.014662794,89.2441896704,243.570719357,29.4193084573,Still
369457.0,379968.0,415576.0,2557.88297927,41.8482181308,30.4854605718,30.409135866,32.2057707123,32.8577329296,30.6177766172,32.8577329296,32.2057707123,30.409135866,30.4854605718,41.8482181308,2617.88856894,14.1970886715,12.0729326829,5.22347185652,11.8359015849,2.3745891737,6.43550410354,2.3745891737,11.8359015849,5.22347185652,12.0729326829,14.1970886715,2161.16240735,202.513722793,181.329976508,122.391021992,26.4145540899,153.095903197,3.97937021233,153.095903197,26.4145540899,122.391021992,181.329976508,202.513722793,Still
415852.0,404029.0,393572.0,2769.29303709,93.469554885,30.4731224934,27.3370192445,87.1105982758,76.980474278,46.7636248433,76.980474278,87.1105982758,27.3370192445,30.4731224934,93.469554885,2583.69346081,116.094060205,93.9906485255,42.2292846023,79.9587587068,78.4689332627,29.7151434267,78.4689332627,79.9587587068,42.2292846023,93.9906485255,116.094060205,1981.68285141,159.061893158,388.848303614,167.520305921,256.660571323,164.963365088,115.004556643,164.963365088,256.660571323,167.520305921,388.848303614,159.061893158,Still
509871.0,325703.0,425250.0,3051.44589082,29.0939363944,44.6013228273,82.7605135426,29.0335593798,13.8681128071,51.628891124,13.8681128071,29.0335593798,82.7605135426,44.6013228273,29.0939363944,2378.85095561,11.0622437849,66.8734006506,18.1740959692,27.1068235982,18.6000419424,51.0212337174,18.6000419424,27.1068235982,18.1740959692,66.8734006506,11.0622437849,2327.30084312,171.731224302,188.938655078,95.3548861782,21.1207626571,180.497123611,46.0823277602,180.497123611,21.1207626571,95.3548861782,188.938655078,171.731224302,Still
485513.0,352960.0,425250.0,2958.46316219,55.9968771595,45.4369790256,29.6988817626,22.3296128834,3.30157698023,47.4625457817,3.30157698023,22.3296128834,29.6988817626,45.4369790256,55.9968771595,2489.00713484,86.1350092874,27.6417332909,42.396033264,20.8987897876,19.5209933087,36.1059745577,19.5209933087,20.8987897876,42.396033264,27.6417332909,86.1350092874,2559.15963678,140.851506043,69.825266423,44.2348855229,74.9275304695,69.0963078839,158.531951627,69.0963078839,74.9275304695,44.2348855229,69.825266423,140.851506043,Still
398735.0,396846.0,648953.0,2639.2520308,279.738669059,198.467685296,54.5946871659,67.7115497765,41.987114663,32.9450228458,41.987114663,67.7115497765,54.5946871659,198.467685296,279.738669059,2654.8994453,188.088234372,147.746392729,75.537263569,71.9244416082,72.1487785611,83.0534943802,72.1487785611,71.9244416082,75.537263569,147.746392729,188.088234372,2384.04502665,526.899878228,43.2799030242,58.4312436363,340.470721887,322.40976828,179.505411052,322.40976828,340.470721887,58.4312436363,43.2799030242,526.899878228,Still
484665.0,335195.0,423225.0,2652.14884733,270.3103378,173.379644186,74.9012060588,53.3149953148,3.03040092607,4.73018108199,3.03040092607,53.3149953148,74.9012060588,173.379644186,270.3103378,2654.52941747,267.539385619,134.174588091,36.1506572891,68.8325549593,51.8632821659,8.70883814181,51.8632821659,68.8325549593,36.1506572891,134.174588091,267.539385619,1852.7418362,673.6922341,274.48502267,95.7909047035,183.595763749,134.771215396,31.973853902,134.771215396,183.595763749,95.7909047035,274.48502267,673.6922341,Still
418644.0,348544.0,457650.0,2694.22679374,57.6081712675,44.0911110876,78.2502955466,19.903907581,23.847156406,18.8660134516,23.847156406,19.903907581,78.2502955466,44.0911110876,57.6081712675,2490.05573673,58.4283629456,50.3645935564,43.8726079601,20.3369176975,6.17601732345,13.9584412796,6.17601732345,20.3369176975,43.8726079601,50.3645935564,58.4283629456,2701.45548277,62.1725844924,31.5220562643,30.6395413255,82.712002043,36.893919127,15.787115569,36.893919127,82.712002043,30.6395413255,31.5220562643,62.1725844924,Still
451830.0,356117.0,580594.0,2819.77370934,109.854943373,108.247844417,119.848932359,81.800102812,47.0797847387,44.9681365643,47.0797847387,81.800102812,119.848932359,108.247844417,109.854943373,2523.05343001,86.8290383005,96.78271233,102.091049211,60.5069218618,12.025620004,49.2300356208,12.025620004,60.5069218618,102.091049211,96.78271233,86.8290383005,2785.774211,410.146913437,196.111300716,61.1212215166,207.927194724,177.254441942,74.2709501545,177.254441942,207.927194724,61.1212215166,196.111300716,410.146913437,Still
401778.0,394470.0,429661.0,2644.52569897,170.261143541,5.9248255009,50.5805039171,59.3446148593,24.7734908689,25.9237830756,24.7734908689,59.3446148593,50.5805039171,5.9248255009,170.261143541,2624.92092716,284.011211652,30.4201451486,79.124278104,89.0143367816,68.5698882603,42.3815431114,68.5698882603,89.0143367816,79.124278104,30.4201451486,284.011211652,2207.32444306,373.359899831,203.27913094,351.973712349,203.067330125,83.9199805223,90.2492967917,83.9199805223,203.067330125,351.973712349,203.27913094,373.359899831,Still
424186.0,302599.0,380700.0,2809.15422417,114.667330462,28.2214097574,33.5909923335,5.16592325884,33.1034236494,4.70971930271,33.1034236494,5.16592325884,33.5909923335,28.2214097574,114.667330462,2215.42550444,126.308779015,54.255485135,46.2533526386,11.9340954074,43.7587151245,46.7079268662,43.7587151245,11.9340954074,46.2533526386,54.255485135,126.308779015,2657.16165703,249.877033833,99.8506543059,52.7364151894,105.471311563,77.03165367,2.05554986966,77.03165367,105.471311563,52.7364151894,99.8506543059,249.877033833,Still
496962.0,280096.0,532575.0,2999.46544722,25.7951471049,14.0861543732,36.1425603027,31.6140714947,33.883095635,5.02491242094,33.883095635,31.6140714947,36.1425603027,14.0861543732,25.7951471049,2245.69957091,40.9561782594,28.8404301453,32.84669942,29.257495559,9.45946408023,29.1953597306,9.45946408023,29.257495559,32.84669942,28.8404301453,40.9561782594,2871.99326729,23.129243097,36.3623638448,52.2674064656,33.566658129,68.2480191334,14.8081215247,68.2480191334,33.566658129,52.2674064656,36.3623638448,23.129243097,Still
326214.0,421149.0,1144056.0,2452.18904255,234.826659798,94.9114884833,53.5532041824,95.4460785809,77.1960181209,13.398837817,77.1960181209,95.4460785809,53.5532041824,94.9114884833,234.826659798,2585.29497792,174.624921905,64.556541671,39.4281526011,41.0383702752,62.4812459985,34.638323386,62.4812459985,41.0383702752,39.4281526011,64.556541671,174.624921905,4021.67386777,324.410306544,307.067551792,296.845462016,605.579005975,149.952435578,196.616240432,149.952435578,605.579005975,296.845462016,307.067551792,324.410306544,Still
293974.0,578248.0,283861.0,2119.57376363,165.74400522,165.168231622,142.502550494,167.444169052,53.7629013633,17.2422521531,53.7629013633,167.444169052,142.502550494,165.168231622,165.74400522,3140.13815321,91.7057401196,142.994183099,81.111925129,83.185651072,45.8689168477,7.5791614089,45.8689168477,83.185651072,81.111925129,142.994183099,91.7057401196,1738.25788112,991.380823883,265.800401418,204.418055818,193.039186186,247.173818141,92.6522153729,247.173818141,193.039186186,204.418055818,265.800401418,991.380823883,Still
468522.0,396288.0,455625.0,2876.98396165,21.3673855626,32.5192998654,27.5472298756,28.5221196502,24.3238990074,10.9480792264,24.3238990074,28.5221196502,27.5472298756,32.5192998654,21.3673855626,2712.1201304,66.9928611756,28.8550283839,7.46440423709,40.0816168558,35.5144411557,16.2334178072,35.5144411557,40.0816168558,7.46440423709,28.8550283839,66.9928611756,2161.09791799,515.250838884,293.984059646,69.0554769084,142.447643076,65.7464116127,130.408776563,65.7464116127,142.447643076,69.0554769084,293.984059646,515.250838884,Still
440577.0,386887.0,445861.0,2734.09788737,78.4072007757,95.1810354048,28.7858973048,98.1665345653,75.8084133652,41.7739322305,75.8084133652,98.1665345653,28.7858973048,95.1810354048,78.4072007757,2575.07460505,131.457154455,109.046081736,70.9218946799,65.474877382,39.6351006794,30.9047749251,39.6351006794,65.474877382,70.9218946799,109.046081736,131.457154455,2580.27812992,539.283292381,260.012503445,212.145205784,131.373607737,158.627509173,124.223235282,158.627509173,131.373607737,212.145205784,260.012503445,539.283292381,Still
395499.0,455716.0,527673.0,2471.3019476,285.063471399,71.2031514378,57.7947232636,44.842138943,27.4291512274,111.650048857,27.4291512274,44.842138943,57.7947232636,71.2031514378,285.063471399,2818.75386498,238.04300882,64.9902603941,100.496940795,10.2325662816,23.3349103226,114.699326526,23.3349103226,10.2325662816,100.496940795,64.9902603941,238.04300882,3054.09633224,840.517453371,600.470605271,359.198829247,228.771047253,121.074210486,81.9708643885,121.074210486,228.771047253,359.198829247,600.470605271,840.517453371,Still
453741.0,368957.0,524836.0,2855.71100447,94.0290442514,43.2067514035,80.6872433376,64.443374884,20.2663416108,19.8506341543,20.2663416108,64.443374884,80.6872433376,43.2067514035,94.0290442514,2444.47378825,146.244571134,61.2012220519,20.4008196411,40.6544846775,35.5611437882,8.92220755113,35.5611437882,40.6544846775,20.4008196411,61.2012220519,146.244571134,3085.26967449,206.325107549,43.7387564356,133.589829451,90.0059474942,102.722324034,93.3858316197,102.722324034,90.0059474942,133.589829451,43.7387564356,206.325107549,Still
383033.0,406626.0,481098.0,2583.84111785,24.6616879453,168.020909884,151.693437716,89.3781931994,33.6737404401,9.671136429,33.6737404401,89.3781931994,151.693437716,168.020909884,24.6616879453,2632.41480244,108.483470658,126.824046648,118.639748215,72.2009440281,19.7680675915,0.489887369972,19.7680675915,72.2009440281,118.639748215,126.824046648,108.483470658,2355.53684775,236.376017282,223.743255565,354.052505275,198.209890343,89.1359501442,105.545872219,89.1359501442,198.209890343,354.052505275,223.743255565,236.376017282,Still
503964.0,340981.0,465750.0,2974.28678643,34.3707132887,49.513291406,30.6029293636,39.9769445364,45.5804100013,24.3180389089,45.5804100013,39.9769445364,30.6029293636,49.513291406,34.3707132887,2510.52025087,96.6014913074,79.1779743344,54.5568090833,29.1492012268,14.8166618578,14.7744436535,14.8166618578,29.1492012268,54.5568090833,79.1779743344,96.6014913074,2753.85549976,32.0665559378,48.9778151634,137.029664388,170.254474035,106.100683256,152.408569082,106.100683256,170.254474035,137.029664388,48.9778151634,32.0665559378,Still
432864.0,355168.0,516375.0,2860.19087393,114.719839613,47.1461654306,30.1611958852,54.5813440493,22.405210263,0.0200749466275,22.405210263,54.5813440493,30.1611958852,47.1461654306,114.719839613,2494.56703567,80.5216544254,20.4320826627,35.5181643308,23.4669265848,17.508320425,40.5935432668,17.508320425,23.4669265848,35.5181643308,20.4320826627,80.5216544254,2910.61277999,108.402802573,101.740314472,100.493526974,74.0983140693,129.006009754,6.79899554633,129.006009754,74.0983140693,100.493526974,101.740314472,108.402802573,Still
424867.0,429299.0,552695.0,2776.57170359,177.6553299,167.163640471,110.551523661,55.9539923551,38.9594671291,52.0608598376,38.9594671291,55.9539923551,110.551523661,167.163640471,177.6553299,2663.49163511,169.844323746,211.776617113,136.101066076,87.5273764026,68.6506039932,67.3338073551,68.6506039932,87.5273764026,136.101066076,211.776617113,169.844323746,2322.17477549,390.401791981,258.108975371,497.341161175,455.613340322,203.875597631,62.1591464066,203.875597631,455.613340322,497.341161175,258.108975371,390.401791981,Still
447084.0,337504.0,492075.0,2849.3220126,33.3531135438,84.5586464597,55.8675573562,19.7135477322,43.3002375656,55.8206845903,43.3002375656,19.7135477322,55.8675573562,84.5586464597,33.3531135438,2505.97033895,89.384775048,55.4663741545,34.6926919435,15.822230144,1.97434979895,6.41032609251,1.97434979895,15.822230144,34.6926919435,55.4663741545,89.384775048,2773.22276239,127.294255101,36.2922914965,108.029812457,164.254378103,105.243719093,9.19893863887,105.243719093,164.254378103,108.029812457,36.2922914965,127.294255101,Still
432499.0,355680.0,461700.0,2840.16257659,94.0671414448,50.9517946233,32.3316675729,48.0459089717,38.0992172062,39.3823674656,38.0992172062,48.0459089717,32.3316675729,50.9517946233,94.0671414448,2495.45635226,83.7358035586,27.5047574895,42.3962489415,20.7358087861,23.9665045285,37.6242901654,23.9665045285,20.7358087861,42.3962489415,27.5047574895,83.7358035586,2624.96013813,98.4830151679,158.294802417,117.095310816,111.40214594,38.3030006443,147.431624687,38.3030006443,111.40214594,117.095310816,158.294802417,98.4830151679,Still
